Geo_Code,2026 Projected Growth 1pp HH with income 20% or under of area median household income (AMHI),2026 Projected Growth 2pp HH with income 20% or under of area median household income (AMHI),2026 Projected Growth 3pp HH with income 20% or under of area median household income (AMHI),2026 Projected Growth 4pp HH with income 20% or under of area median household income (AMHI),2026 Projected Growth 5pp HH with income 20% or under of area median household income (AMHI),2026 Projected Growth 1pp HH with income 21% to 50% of AMHI,2026 Projected Growth 2pp HH with income 21% to 50% of AMHI,2026 Projected Growth 3pp HH with income 21% to 50% of AMHI,2026 Projected Growth 4pp HH with income 21% to 50% of AMHI,2026 Projected Growth 5pp HH with income 21% to 50% of AMHI,2026 Projected Growth 1pp HH with income 51% to 80% of AMHI,2026 Projected Growth 2pp HH with income 51% to 80% of AMHI,2026 Projected Growth 3pp HH with income 51% to 80% of AMHI,2026 Projected Growth 4pp HH with income 51% to 80% of AMHI,2026 Projected Growth 5pp HH with income 51% to 80% of AMHI,2026 Projected Growth 1pp HH with income 81% to 120% of AMHI,2026 Projected Growth 2pp HH with income 81% to 120% of AMHI,2026 Projected Growth 3pp HH with income 81% to 120% of AMHI,2026 Projected Growth 4pp HH with income 81% to 120% of AMHI,2026 Projected Growth 5pp HH with income 81% to 120% of AMHI,2026 Projected Growth 1pp HH with income 121% or over of AMHI,2026 Projected Growth 2pp HH with income 121% or over of AMHI,2026 Projected Growth 3pp HH with income 121% or over of AMHI,2026 Projected Growth 4pp HH with income 121% or over of AMHI,2026 Projected Growth 5pp HH with income 121% or over of AMHI
1001,0.423011844,-0.195979899,-0.343283582,-0.409090909,0.285714286,0.356521739,0.1987061,-0.117647059,-0.177631579,-0.285714286,0.331497797,0.192558747,-0.017578125,-0.244897959,-0.344262295,0.2176,0.276515152,-0.127637131,-0.247648903,-0.092783505,0.448101266,0.35602537,0.161157025,0.085235212,-0.084650113
1002,-0.020408163,-0.611111111,0.25,0,0,0.225988701,0.474226804,-0.457142857,-0.785714286,0,-0.05,0.129411765,-0.24137931,-0.388888889,0.285714286,0.5,-0.094674556,-0.542553191,-0.555555556,-0.464285714,1.368421053,0.38974359,0.048387097,-0.116959064,-0.357142857
1003,0.538461538,-0.636363636,-1,0,0,0.410852713,0.271186441,-0.684210526,-1,0,-0.218181818,-0.056962025,-0.340909091,-0.5,-0.166666667,1.066666667,0.064285714,-0.52173913,-0.514285714,-0.125,0.125,0.284090909,0.114503817,-0.176470588,-0.490909091
1004,-0.365853659,-0.6,-1,0,0,0.406417112,-0.068493151,-0.564102564,-0.25,-1,0.307692308,0.136690647,-0.068181818,-0.32,-0.583333333,0.622222222,0.289655172,-0.34939759,-0.387755102,-0.65,0.928571429,0.190140845,0.02994012,-0.119205298,-0.203703704
1005,0.26984127,-0.227272727,-0.615384615,-1,0,0.470175439,0.180722892,-0.37704918,-0.333333333,-0.625,0.625,0.083076923,-0.170454545,-0.375,-0.615384615,0.61038961,0.193146417,-0.20979021,-0.475,-0.363636364,0.542372881,0.237410072,0.118694362,0.067307692,-0.044444444
1006,0.576271186,-0.558823529,-0.375,0,0,0.409448819,0.25,-0.37037037,-0.482758621,-1,0.344,0.243243243,-0.273809524,-0.558823529,-0.142857143,0.918032787,0.238267148,-0.186440678,-0.463636364,-0.314285714,0.607843137,0.322418136,0.127090301,0.094202899,-0.010204082
1007,-0.298507463,-0.636363636,-1,-1,0,0.21754386,0.205673759,-0.318181818,-0.333333333,0,0.336538462,0.095394737,-0.230769231,-0.540540541,-0.090909091,0.948717949,0.090062112,-0.371794872,-0.428571429,-0.12,2.125,0.315340909,0.024221453,-0.127586207,-0.19047619
1008,0.017857143,-0.805555556,-1,0,0,0.328519856,0.162162162,-0.571428571,-0.315789474,0,0.218181818,0.203296703,-0.289156627,-0.644444444,-0.631578947,0.783783784,-0.096103896,-0.379120879,-0.593495935,-0.470588235,0.548387097,0.4125,-0.05362776,-0.167272727,-0.055555556
1009,-0.230769231,-0.5,-1,0,0,0.119205298,0.366197183,-0.333333333,-1,0,0.647058824,-0.135802469,-0.135135135,-0.65,-1,0.285714286,-0.01242236,-0.318181818,-0.695652174,-0.666666667,1.090909091,0.5,-0.194805195,-0.032,-0.320754717
1010,0.666666667,-0.555555556,inf,0,0,0.112244898,0.522727273,-0.352941176,-0.36,0.25,0,-0.073770492,-0.253731343,-0.205128205,-0.318181818,0.785714286,0.036363636,-0.030612245,0.054794521,0.064516129,0,0.308571429,0.141935484,-0.09039548,-0.219178082
1011,-0.4,0.5,0,0,0,0.833333333,0.666666667,0.4,0,-0.333333333,0.666666667,0,0,0.25,0.5,0.333333333,1.25,-0.125,0,0,1,0.363636364,0.25,0.8,-0.2
1101,-0.238095238,0,0,0,0,0.107784431,0.022727273,-0.6,-0.333333333,0,0.087912088,0.174757282,-0.034482759,-0.576923077,-0.5,0.488888889,0.013513514,-0.297297297,-0.068181818,-0.710526316,0.56,0.3125,0.083333333,-0.142857143,-0.244897959
1102,0.398373984,-0.268292683,1.375,0.5,0,0.220168067,0.185365854,0.241935484,0.85,0.090909091,0.394658754,0.134703196,0.083969466,-0.305882353,-0.268292683,0.485714286,0.287850467,-0.131474104,-0.142857143,-0.262626263,0.110429448,0.323566879,0.150943396,0.108007449,0.023648649
1103,-0.035087719,-0.315789474,-1,-1,0,0.247863248,0.114754098,-0.166666667,-0.5,0,0.273631841,0.02866242,0.01369863,-0.355555556,0.25,0.551020408,0.066298343,-0.136645963,-0.368421053,-0.470588235,0,0.359338061,-0.062305296,-0.066246057,-0.085106383
1201,0.138888889,-0.5,0,0,0,0.039215686,0.431818182,-0.25,-1,0,0.196969697,-0.19047619,0.071428571,0.375,-0.2,0.25,0.085271318,-0.515625,-0.56,-0.666666667,0.620689655,0.230366492,-0.131147541,-0.180952381,-0.204081633
1202,-0.145454545,-0.4375,-1,-1,0,0.185714286,0.136363636,-0.111111111,-0.333333333,0,0.441441441,0.048387097,-0.218181818,-0.592592593,-0.428571429,0.054347826,0.023923445,-0.397849462,-0.439393939,-0.583333333,0.652173913,0.210884354,-0.010152284,-0.145728643,-0.083333333
1203,0.189189189,-0.1,0,0,0,0.20441989,-0.410714286,0,-0.571428571,0,0.125,0.223880597,-0.520833333,-0.166666667,0.75,0.213114754,-0.108247423,-0.366666667,-0.644444444,-0.578947368,0.183673469,0.316239316,-0.067114094,-0.192307692,-0.236363636
1204,1.555555556,-1,0,0,0,0.370786517,-0.610169492,0,0.666666667,0,0,0.072289157,0.3125,0,0,0.366666667,0.255555556,-0.424242424,-0.6875,-1,0.258064516,0.233766234,-0.302083333,-0.210526316,0.037037037
1205,-0.098039216,-0.375,inf,0,0,-0.025,-0.202898551,0.230769231,0.666666667,inf,0.285714286,0.095541401,0.222222222,-0.392857143,-0.285714286,0.156626506,0.075268817,-0.222222222,0.1,-0.444444444,0.47826087,0.23659306,-0.218390805,-0.328467153,-0.114754098
1206,0.163265306,-0.487179487,-0.5,inf,0,0.11136891,0.039473684,0,-0.5,inf,0.559322034,0.03874092,-0.158536585,-0.423728814,-0.230769231,0.140350877,0.154822335,-0.180645161,-0.408163265,0.071428571,0.351351351,0.235119048,-0.062330623,-0.086261981,-0.191176471
1207,0.4296875,-0.363636364,-0.461538462,-1,0,0.08436214,0.049019608,-0.384615385,-0.35483871,-0.285714286,0.386266094,0.149367089,-0.233870968,-0.421686747,-0.525,0.32967033,0.112765957,-0.018072289,-0.316546763,-0.015873016,0.162790698,0.228490832,0.054862843,-0.01891253,-0.10952381
1208,0.131578947,-0.333333333,-0.142857143,0,0,0.217857143,0.157534247,-0.318181818,0.384615385,-0.333333333,0.581395349,0.086792453,0.151515152,-0.162790698,-0.185185185,0.402298851,0.135220126,-0.098484848,-0.384,-0.346938776,0.26,0.196721311,0.108303249,0.077922078,-0.095238095
1209,0.155015198,-0.065789474,0.102803738,-0.253731343,0.238095238,0.170859539,0.038848921,-0.002183406,-0.07106599,-0.010752688,0.187269373,0.118058796,-0.069172932,-0.211165049,0.1,0.286647315,0.201441578,0.072709163,-0.114825581,0.022058824,0.167840376,0.229854097,0.091160221,0.015488215,-0.015486726
1210,0.180851064,0.076923077,-0.333333333,0.666666667,0,0.118681319,0.044025157,-0.1,-0.181818182,-0.538461538,0.220588235,0.14057508,-0.136363636,-0.239130435,-0.2,0.333333333,-0.00443459,-0.204081633,-0.318965517,-0.396551724,0.327868852,0.233108108,0.03038674,-0.104395604,0.012345679
1211,0.315789474,-0.533333333,-0.333333333,0,0,0.215488215,-0.083333333,-0.052631579,-0.565217391,1,0.010471204,0.051401869,-0.20754717,-0.166666667,0.153846154,0.275229358,-0.021276596,-0.206185567,-0.507692308,-0.225806452,-0.150537634,0.131291028,-0.044247788,-0.175,-0.181818182
1212,0.395348837,-0.4375,-0.6,0,0,0.0125,-0.115646259,-0.319148936,-0.352941176,-0.142857143,0.036697248,0.125899281,-0.266666667,-0.204081633,-0.25,0.342281879,0.080924855,-0.097345133,-0.466666667,-0.404761905,0.303571429,0.094435076,-0.057471264,-0.07761194,-0.194285714
1213,0.428571429,-1,0,0,0,0.054347826,-0.24,-1,inf,0,-0.127272727,-0.0375,-0.071428571,inf,inf,0.076923077,-0.064102564,-0.285714286,-0.6,-0.7,0.166666667,0.129770992,-0.219178082,-0.393442623,-0.1875
1214,-0.274509804,0,-1,0,0,0.413043478,0.271186441,-0.083333333,0,0,0.2375,0.119266055,0.391304348,-0.368421053,0,0.622222222,-0.015037594,-0.13559322,-0.260869565,-0.15,0.717948718,0.48447205,0.073170732,-0.036231884,-0.219047619
1215,-0.023255814,-0.272727273,-1,0,0,0.215189873,-0.212765957,0.444444444,-0.111111111,-1,-0.137254902,-0.03875969,-0.363636364,-0.583333333,-0.25,0.254901961,-0.06626506,0.026315789,-0.459459459,-0.476190476,0.695652174,0.288888889,-0.171428571,-0.10483871,-0.27173913
1216,0.8,-1,-1,0,0,-0.121212121,0.136363636,1.25,-1,0,1.2,-0.156626506,-0.4,-1,0,0.260869565,0.075,-0.433333333,-0.277777778,-1,-0.1,0.256880734,-0.116883117,-0.057142857,-0.323529412
1217,0.495798319,0.068181818,-0.375,-0.583333333,-1,0.045918367,-0.278947368,-0.381578947,-0.326086957,-0.352941176,0.071563089,0.196551724,-0.171122995,-0.263736264,-0.433962264,0.206451613,0.058823529,-0.16838488,-0.458536585,-0.284090909,0.206751055,0.143576826,-0.053364269,-0.167095116,-0.22556391
1218,-0.523809524,0,0,0,0,0.069444444,0.045454545,0,0,0,0.75,-0.058823529,-0.111111111,-1,0,0.04,0.134615385,-0.411764706,-0.421052632,-0.166666667,0.307692308,0.193548387,-0.153846154,-0.2,-0.275862069
1301,0.184100418,-0.263157895,-0.517241379,-0.2,inf,0.151033386,-0.127208481,0.1,-0.294117647,-0.454545455,0.090707965,0.044917258,-0.108695652,0.048387097,-0.272727273,0.127218935,0.005395683,-0.108910891,-0.364341085,-0.117647059,0.089552239,0.12024666,0.051993068,-0.09380863,-0.114285714
1302,0.571428571,-0.666666667,-0.4,0,0,0.124463519,0.180555556,0,0.375,-0.555555556,0.027586207,-0.011235955,-0.229166667,-0.310344828,-0.5,0.197802198,0.061674009,0.03125,-0.057692308,-0.285714286,-0.157142857,0.120234604,-0.079069767,-0.245283019,-0.085365854
1303,-0.025641026,-0.25,-1,-1,0,0.21641791,-0.056338028,0.086956522,-0.454545455,inf,0.625,0.067073171,-0.022727273,-0.361111111,-0.25,0.432432432,0.346733668,0.015625,-0.03030303,0.108108108,0.235294118,0.344339623,0.186046512,-0.072815534,0.024691358
1304,0.866666667,-1,0,0,0,0.045045045,-0.235294118,-0.363636364,0,0,-0.0125,0.036585366,0.071428571,1.666666667,0.25,0.113636364,-0.086206897,-0.404761905,-0.352941176,-0.833333333,0.55,0.173184358,-0.12987013,-0.329411765,0.083333333
1305,0.133333333,0.088235294,-0.263157895,-0.285714286,-1,0.221938776,0.160337553,-0.336633663,0.347826087,0,0.456410256,0.153132251,-0.035714286,-0.376146789,-0.139534884,0.243902439,0.36407767,0.062801932,-0.129032258,-0.25,0.293333333,0.207641196,0.107843137,-0.019163763,-0.061433447
1306,-0.219512195,-0.615384615,0.666666667,0,0,0.299465241,0.091954023,-0.217391304,-0.071428571,inf,0.610169492,0.142045455,-0.140350877,0.111111111,-0.230769231,0.745762712,0.194852941,-0.085106383,-0.270588235,-0.416666667,0.142857143,0.349809886,0.034313725,0.041860465,-0.066666667
1307,0.196374622,-0.259615385,-0.294117647,-0.5625,inf,0.254901961,-0.013207547,0.050359712,0.117647059,-0.545454545,0.398484848,0.206583428,-0.073076923,-0.042735043,0.047619048,0.527704485,0.231046931,0.064516129,-0.158088235,0.210526316,0.458167331,0.231527094,0.108910891,0.082765336,0.023696682
1308,-0.019607843,-0.588235294,-0.2,0,0,0.035019455,0.125,-0.388888889,0.333333333,0,0.34351145,0.037735849,-0.264150943,-0.516129032,inf,0.387096774,0.137809187,-0.240740741,-0.348484848,-0.347826087,0.205882353,0.227810651,-0.029045643,-0.150684932,-0.093023256
1309,-0.040816327,-0.363636364,-1,-1,0,0.229110512,-0.055555556,-0.326530612,-0.294117647,0.4,0.091370558,0.062874251,-0.244444444,-0.238095238,0.636363636,0.388888889,0.041666667,-0.305084746,-0.474137931,-0.653846154,0.315068493,0.265957447,-0.014005602,-0.194805195,-0.218934911
1310,0.450549451,-0.3125,0.578947368,2,inf,0.191290824,0.080924855,-0.12195122,0,0.294117647,0.161825726,0.058020478,-0.057471264,-0.010989011,0.351351351,0.363636364,0.205621302,0.029090909,-0.189873418,-0.058823529,0.215962441,0.236889693,0.084664537,0.052552553,-0.062295082
1311,0.018518519,0,-1,0,0,0.113300493,0.0125,-0.260869565,-0.428571429,-1,0.2,-0.057291667,-0.148148148,-0.269230769,0.416666667,0.383333333,0.111702128,-0.154761905,-0.361445783,-0.138888889,0.342857143,0.218978102,0.094972067,-0.126315789,-0.142857143
1312,-0.105263158,-0.25,0,-1,0,0.131736527,-0.033898305,-0.681818182,-1,0,0.375,0.073170732,-0.085714286,-0.5,-0.181818182,0.090909091,0.050314465,-0.020408163,-0.488888889,-0.2,0.466666667,0.176229508,-0.111940299,-0.125,-0.32
1313,0.144444444,-0.64,-1,-1,0,0.273381295,-0.235294118,-0.441176471,-0.307692308,0,-0.014705882,0.169565217,-0.040816327,-0.416666667,-0.3,0.252427184,0.132352941,-0.353448276,-0.602150538,-0.173913043,0.456140351,0.094594595,-0.076124567,-0.011764706,-0.185185185
1314,-0.163265306,-0.678571429,-1,0,0,0.104529617,-0.328358209,-0.3125,-0.285714286,0,0.353932584,0.118811881,-0.307692308,-0.483870968,0.428571429,0.295652174,0.070175439,-0.285714286,-0.192982456,-0.391304348,0.14084507,0.199029126,-0.076363636,-0.213483146,-0.360824742
1315,0.033898305,-0.573770492,-0.76,-1,-1,0.290824261,-0.223300971,-0.619047619,-0.413793103,-0.714285714,0.565972222,0.177700348,-0.188311688,-0.393939394,-0.05,0.317757009,0.201986755,-0.244147157,-0.446428571,-0.5,0.418439716,0.246954596,0.074561404,-0.116613419,-0.050691244
2401,0.111111111,-0.6,0,0,0,0.20610687,-0.088888889,-1,-1,0,0.840909091,-0.048543689,-0.24,-1,0,0.461538462,0.129310345,-0.397260274,-0.657142857,-1,0.416666667,0.8125,0.041322314,-0.072072072,-0.131578947
2402,-0.193548387,-1,0,0,0,0.125,-0.269230769,-0.222222222,-1,0,0.46875,-0.044585987,-0.259259259,-0.083333333,-1,0.35,0.01242236,-0.280487805,-0.321428571,-0.684210526,0.295454545,0.288557214,-0.097826087,-0.179104478,-0.035714286
2403,-0.028571429,inf,-1,0,0,0.337662338,0.065217391,-0.466666667,-1,0,0.851351351,-0.106918239,-0.461538462,-0.705882353,0.2,-0.222222222,0.073333333,-0.315068493,-0.555555556,0,0.413793103,0.297435897,-0.00621118,-0.12244898,-0.06122449
2404,-0.407407407,-1,-1,0,0,0.548672566,-0.19047619,-1,0,0,-0.053191489,0.095238095,0.117647059,0.75,-1,0.0625,-0.03539823,-0.418604651,-0.230769231,-0.428571429,0.1875,0.217948718,-0.138613861,-0.264367816,-0.238095238
2405,0.111111111,-1,0,0,0,0.28021978,-0.387755102,-0.375,-1,0,0.231578947,0.161971831,-0.363636364,-0.153846154,inf,0.142857143,0.169934641,-0.166666667,-0.512195122,-0.470588235,0.058823529,0.199074074,0.014388489,0.03030303,-0.34375
2406,0.166666667,-1,0,0,0,0.204225352,-0.024390244,-0.428571429,0,0,0.388059701,0.099099099,-0.68,-0.2,-1,-0.177419355,0.054054054,-0.157894737,-0.352941176,-0.333333333,1.571428571,0.124260355,-0.070707071,-0.174311927,0.076923077
2407,-0.408163265,-1,-1,0,0,0.243902439,-0.383333333,-0.272727273,-0.444444444,0,0.534883721,0.195488722,-0.44,0,0,0.186666667,0.075,-0.593023256,-0.555555556,-0.863636364,0.375,0.194312796,0.066115702,-0.144736842,-0.135802469
2408,-0.366666667,-0.571428571,0,0,0,0.133828996,0,-0.583333333,0,0,0.4765625,-0.117948718,-0.4,-0.571428571,-1,0.125,0.073033708,-0.432432432,-0.454545455,-0.333333333,0.153846154,0.203125,-0.032432432,-0.164705882,-0.034482759
2409,-0.147058824,-0.636363636,0,0,0,0.067226891,-0.25,-0.375,-1,0,0.236842105,0.218487395,-0.571428571,-0.615384615,-1,0.353658537,-0.060240964,-0.338983051,-0.69047619,-0.304347826,0.04,0.104803493,-0.059701493,-0.03030303,0.015384615
2410,-0.097142857,-0.666666667,-1,0,0,0.206132879,-0.187096774,-0.222222222,-0.25,-1,0.539634146,0.02020202,-0.157894737,-0.628571429,-0.333333333,0.484304933,0.277641278,-0.110294118,-0.24691358,-0.041666667,0.217687075,0.284090909,-0.08649789,0.012135922,0.159235669
2411,-0.523809524,-1,0,0,0,0.171428571,-0.516129032,-1,0,0,0.228070175,0.157142857,-0.125,-1,0,0.363636364,0.012345679,-0.333333333,-0.454545455,-0.636363636,0.347826087,0.1796875,-0.28,-0.184615385,-0.103448276
2412,-0.243243243,-1,-1,0,0,0.301492537,-0.117117117,0.266666667,0.75,0,0.322274882,0.030888031,-0.5,-0.636363636,-0.2,0.078571429,0.185454545,-0.302752294,-0.46031746,-0.4,0.365079365,0.120283019,0.05785124,0.105042017,-0.017391304
2413,0.032258065,-1,0,0,0,0.08097166,-0.026315789,-0.615384615,inf,0,0.272,-0.181818182,-0.24,0,0,0.121621622,0.252808989,-0.390625,-0.5,1.142857143,0,0.244897959,-0.273224044,-0.175757576,-0.345238095
2414,-0.470588235,-1,-1,0,0,0.347368421,-0.127659574,-0.444444444,0,0,0.19047619,0,-0.647058824,-0.6,-1,0.130952381,0.193939394,-0.285714286,-0.581395349,-0.315789474,0.0625,0.174273859,0.122302158,-0.139534884,-0.127906977
2415,0.038461538,-1,0,0,0,0.187134503,-0.294117647,-0.25,-1,0,0.345679012,0.1,-0.148148148,-1,0,0.075471698,0.204724409,-0.214285714,-0.638888889,-0.789473684,1,0.170212766,-0.159722222,-0.032,0.177777778
2416,-0.210526316,-1,0,0,0,0.185430464,-0.178571429,0,0,0,0.194805195,-0.038461538,-0.590909091,-1,0,0.944444444,0.278846154,-0.119047619,-0.344827586,-0.588235294,0,0.232394366,-0.063063063,-0.048543689,-0.068181818
2417,-0.64,-1,-1,0,0,0.139423077,-0.425531915,-0.333333333,inf,0,0.402061856,-0.006896552,-0.47826087,-0.375,-1,0.48,0.17218543,-0.369230769,-0.6,-0.466666667,1.3125,0.201834862,-0.190789474,-0.190140845,0.079365079
2418,-0.296296296,-0.777777778,-1,0,0,0.138461538,-0.237288136,0,0,0,0.308176101,0.042424242,-0.105263158,-0.5,-1,0.295238095,-0.141025641,-0.035087719,-0.44,-0.666666667,0.488372093,0.379844961,-0.21319797,-0.076086957,0.013513514
2419,-0.205128205,-0.870967742,-1,-1,0,0.333333333,-0.030927835,-0.166666667,-1,-1,0.475409836,0.168776371,0.093023256,-0.176470588,-0.722222222,0.561904762,0.305882353,-0.146788991,-0.419753086,-0.256410256,0.196078431,0.344512195,0.012765957,0.142322097,0.241666667
2420,-0.375,0,0,0,0,0,-0.125,0,0,0,0.333333333,0.590909091,0.285714286,-0.333333333,0,0,-0.153846154,0.2,-0.421052632,0.6,0.333333333,0.215053763,-0.166666667,-0.111111111,0.15
2421,0.130434783,-0.466666667,-1,-1,0,0.516304348,0.084507042,0.625,-1,0,0.421052632,0.420731707,-0.333333333,-0.346153846,0,0.575757576,0.34,0.076923077,-0.056603774,-0.052631579,0.459459459,0.215909091,0.032608696,0.418994413,0.341772152
2422,0.571428571,-0.636363636,-0.555555556,-0.25,0,0.552631579,0.424242424,0.857142857,0.142857143,0,0.682539683,0.554347826,0.383333333,-0.02173913,0.1875,0.134146341,0.404411765,0.167664671,0.439393939,0.511627907,0.166666667,0.318548387,0.375,0.88372093,0.965116279
2423,-0.165921788,-0.566666667,-0.584415584,0,0.625,0.187836295,-0.20683112,-0.333333333,-0.476821192,-0.357142857,0.335559265,0.1221875,-0.155367232,-0.212686567,-0.216,0.269306283,0.172088637,-0.063936782,-0.055194805,0.051587302,0.045680238,0.160334836,0.019203747,0.07315289,0.153365718
2425,-0.037974684,-0.642857143,-0.838709677,-1,inf,0.350636631,-0.030434783,-0.231707317,-0.675,-0.7,0.403286979,0.149553571,-0.086124402,-0.431034483,-0.421052632,0.294258373,0.421370968,-0.157676349,-0.314814815,-0.209090909,0.585185185,0.209737828,0.032225579,0.193298969,0.220720721
2426,0.2,-0.736842105,0,0,0,0.327586207,0.306930693,0.555555556,-1,0,0.691780822,0.122171946,0.119047619,-0.095238095,-0.5,0.233009709,0.381742739,0.054054054,0.024096386,0,-0.081081081,0.342307692,0.03652968,0.131944444,0.201492537
2427,-0.428571429,-1,0,0,0,0.204678363,-0.093023256,-1,inf,0,0.484848485,0.081081081,-0.333333333,-0.166666667,-1,0.470588235,0.053333333,-0.383333333,-0.270833333,-0.25,0.318181818,0.294117647,-0.03875969,-0.118012422,0.166666667
2428,0.208333333,-0.727272727,0,0,0,-0.045226131,-0.463414634,-0.375,-1,0,0.256880734,-0.030075188,-0.058823529,-0.285714286,-1,0.35,0.107594937,-0.076923077,-0.451612903,-1,0.375,0.363636364,-0.201492537,-0.10738255,-0.068493151
2429,-0.224,-0.722222222,-1,-1,0,0.360416667,-0.287878788,-0.409090909,-0.666666667,-1,0.214511041,0.180124224,-0.265822785,-0.714285714,0,0.456852792,0.137466307,-0.271676301,-0.357798165,-0.319148936,0.513513514,0.375241779,0.051873199,0.095354523,0.02283105
2430,0.15,-0.555555556,-1,0,0,0.034782609,-0.017857143,0,-1,0,0.231404959,-0.022346369,-0.304347826,-0.684210526,-1,0.210526316,0.111111111,-0.355263158,-0.311111111,0.19047619,0.547619048,0.148288973,-0.125827815,-0.1875,0.119047619
2431,-0.176470588,-0.545454545,-1,0,0,0.236786469,-0.490196078,-0.64,-1,0,0.171052632,0.166123779,-0.5,-0.315789474,-0.7,0.172093023,-0.042253521,-0.096774194,-0.472972973,-0.36,0.289473684,0.208828523,-0.13897281,-0.087096774,0.007352941
2432,-0.181818182,-1,-1,0,0,0.181818182,-0.181818182,-0.375,0,0,0.315436242,0.011111111,-0.529411765,-0.764705882,-1,0.430232558,0.173267327,-0.216666667,-0.416666667,-0.4,0.540540541,0.094890511,0.013245033,0.052023121,-0.01
2433,0.12244898,-0.789473684,-1,0,0,0.449275362,0.180327869,-0.125,-1,0,0.47133758,0.170731707,-0.083333333,-0.4,inf,0.512195122,0.342222222,-0.031914894,-0.227848101,-0.434782609,0.5,0.273049645,0.160427807,0.174757282,0.180952381
2434,0.041666667,-0.625,-1,0,0,0.184108527,-0.083333333,-0.52173913,-0.166666667,0,0.521186441,0.200557103,-0.2,-0.382352941,-0.111111111,0.350574713,0.258064516,0.066115702,-0.315315315,0,0.414634146,0.229422067,0.088948787,0.184782609,0.246478873
2435,-0.454545455,-1,0,0,0,0.105960265,-0.575757576,-0.6,0,0,0.38372093,0.275510204,-0.363636364,-1,0,0.46,0.037037037,-0.041666667,-0.636363636,-1,0,0.129353234,-0.160714286,-0.078947368,-0.054054054
2436,-0.412121212,-0.692307692,-1,0,0,0.116580311,-0.008928571,-0.647058824,-1,-1,0.171581769,0,-0.337349398,-0.346153846,0.25,0.411971831,0.026373626,-0.298245614,-0.446808511,-0.551724138,0.028985507,0.109573241,-0.101851852,-0.174515235,-0.038461538
2437,-0.154166667,-0.37704918,-0.76,inf,inf,0.185185185,-0.22489083,-0.385321101,-0.6,0,0.40546697,0.110629067,-0.128712871,-0.4,-0.060606061,0.33988764,0.206066012,0.009230769,-0.163841808,-0.370786517,0.06227758,0.21029626,-0.055649241,-0.048969072,0.232620321
2438,-0.327586207,-0.545454545,-1,0,0,0.444444444,-0.16,-0.428571429,-0.571428571,-1,0.383838384,0.039735099,-0.357142857,0,0,0.430555556,0.392307692,0.212765957,-0.083333333,-0.291666667,0.277777778,0.305164319,0.007407407,0,0.072727273
2439,-0.083333333,-0.611111111,-1,0,0,0.277349769,-0.018072289,-0.176470588,-0.363636364,-1,0.293103448,0.227876106,-0.273809524,-0.651162791,-0.631578947,0.407942238,0.146435453,-0.134020619,-0.338129496,-0.342465753,0.297709924,0.274256145,0.040860215,0.049723757,0.202586207
2440,-0.076923077,-0.75,0,0,0,-0.043243243,0.178571429,-1,-1,0,0.329545455,-0.149425287,0.090909091,0.8,-1,0.274193548,-0.081761006,-0.243243243,-0.3,-0.25,0.27027027,0.119469027,-0.053191489,-0.290322581,0.333333333
2441,-0.03125,-0.571428571,0,0,0,0.340909091,-0.094339623,-0.5,-1,-1,0.504672897,0.094117647,-0.071428571,0.153846154,-0.444444444,-0.021276596,0.158823529,-0.235294118,-0.507692308,-0.65625,0.153846154,0.155378486,0.111940299,0.070921986,0.153846154
2442,-0.033898305,-0.736842105,-1,0,0,0.23628692,0.023529412,-0.181818182,-0.363636364,-1,0.234567901,0.159793814,-0.186046512,-0.428571429,-0.642857143,0.076923077,0.419354839,-0.173913043,0.177777778,-0.266666667,0.117647059,0.044198895,0.020100503,0.058558559,0.21
2443,-0.005791506,-0.375,-0.222222222,inf,inf,0.201778766,-0.143229167,-0.273584906,-0.384615385,0,0.192883895,0.193357058,-0.252380952,-0.204545455,-0.431372549,0.405329593,0.110326567,0.011730205,-0.310344828,-0.151515152,0.079646018,0.157324541,0.019038985,0.140681004,0.186046512
2444,-0.526315789,-1,0,0,0,0.18902439,-0.442307692,-1,-1,0,0.373737374,0.135338346,0.3125,-0.3125,-0.636363636,0.95,0.134328358,-0.328571429,-0.391304348,-0.136363636,0.125,0.221052632,0.169811321,0.008695652,-0.180851064
2445,0.075471698,-0.269230769,-1,0,0,0.280623608,0.04379562,-0.171428571,-0.5,inf,0.340659341,0.27607362,-0.140625,-0.068965517,-0.357142857,0.107623318,0.121348315,0.03539823,-0.130952381,-0.102040816,0.181818182,0.264011799,0.024561404,0.03654485,0.10738255
2446,0.247619048,-0.486486486,0,-1,0,0.355319149,0.347826087,-0.034482759,-0.714285714,0,0.527777778,0.184971098,0.19047619,0.121212121,-0.157894737,0.653409091,0.364361702,0.008264463,-0.052083333,0.166666667,0.419354839,0.517355372,0.198630137,0.197452229,0.160220994
2447,-0.117346939,-0.716981132,-0.666666667,0,0,0.281921618,-0.169172932,-0.106382979,-0.733333333,-1,0.289224953,0.228682171,-0.203252033,-0.230769231,-0.685185185,0.344827586,0.197492163,-0.221804511,-0.408256881,-0.272727273,0.18957346,0.120503597,-0.075117371,0.033227848,0.310861423
2448,-0.222222222,-1,0,0,0,0.274074074,-0.342105263,-1,-1,0,0.086419753,-0.072072072,-0.157894737,-0.142857143,inf,0.365079365,0.176923077,-0.326086957,0.25,-0.529411765,0.08,0.267080745,-0.153846154,-0.053571429,0.254901961
2449,-0.167315175,-0.533333333,-1,0,inf,0.365487674,0.134883721,-0.388059701,-0.78125,-0.727272727,0.177924217,0.22,-0.146341463,-0.357142857,-0.172413793,0.372315036,0.112515803,0.007633588,-0.043165468,-0.386792453,0.211981567,0.217770035,0.056768559,0.095174263,0.314754098
2450,-0.134615385,-0.583333333,0,0,0,0.278301887,-0.090909091,-0.411764706,-0.2,0,0.139705882,0.236111111,-0.580645161,-0.277777778,-1,0.535211268,-0.03902439,-0.109090909,-0.411764706,-0.384615385,0.173913043,0.159695817,-0.069364162,0.032258065,0.208955224
2451,-0.230769231,-0.68,-1,0,0,0.111979167,-0.118181818,-0.36,-1,0,0.392156863,0.030418251,-0.315789474,-0.411764706,-0.428571429,0.295774648,0.218543046,-0.18627451,-0.245614035,0,0.533333333,0.217777778,-0.093959732,-0.03030303,0.088235294
2452,-0.2,-0.818181818,-1,-1,0,0.393333333,-0.0390625,-0.393939394,-0.285714286,-0.333333333,0.294642857,0.11969112,-0.068493151,-0.365853659,-0.277777778,0.14556962,0.301449275,-0.109375,-0.156626506,-0.327272727,0.212765957,0.151709402,0.059027778,0.025,0.171875
2453,-0.007194245,-0.80952381,-1,-1,0,0.216845878,-0.147651007,0.060606061,-0.736842105,-0.625,0.296819788,0.030848329,-0.230769231,-0.459459459,-0.1,0.36453202,0.176470588,-0.159090909,-0.017241379,-0.428571429,0.224242424,0.192634561,-0.174291939,-0.055248619,0.128
2454,-0.171171171,-0.729166667,-0.166666667,-1,0,0.225609756,0.076502732,-0.222222222,-0.774193548,0,0.338551859,0.152866242,-0.058823529,-0.142857143,-0.3,0.394736842,0.065885798,-0.018018018,-0.141935484,-0.014492754,0.6,0.169409487,-0.052805281,0.059322034,0.124161074
2455,0.03125,-0.75,0,-1,0,0.359307359,-0.168141593,-0.142857143,-0.4,-1,0.54248366,0.318181818,-0.227272727,-0.071428571,0.142857143,0.67032967,0.209486166,0.097826087,-0.350515464,-0.25,0.724137931,0.290734824,0.179824561,0.348214286,0.204918033
2456,-0.224089636,-0.576271186,-1,0,0,0.328092243,-0.089285714,-0.166666667,-0.441176471,-0.416666667,0.3560477,0.105943152,-0.121546961,-0.283950617,-0.074074074,0.248730964,0.218559219,-0.061919505,-0.205357143,-0.265486726,0.054054054,0.162227603,0.029976019,0.131090487,0.158767773
2457,0.106666667,-0.525423729,-0.84,-0.583333333,0,0.305516266,0.044289044,-0.070707071,0.117647059,-0.125,0.514563107,0.259370315,0.178743961,-0.275167785,-0.142857143,0.5,0.375838926,0.08353222,-0.163934426,-0.079710145,0.662921348,0.18172378,0.105117566,0.308120133,0.227817746
2458,0.036717063,-0.319444444,-0.277777778,0.096774194,0.444444444,0.17767249,0.005737705,-0.18961039,-0.4375,-0.423529412,0.281180152,0.07107952,0.100158983,-0.11407767,-0.205741627,0.258641975,0.122027972,-0.012668919,0.010666667,0.114666667,0.262277952,0.135574103,0.027453672,0.055878553,0.12973352
2459,0.008333333,-0.111111111,-0.769230769,-0.666666667,0,0.5,0.233606557,-0.382716049,0.111111111,-1,0.596566524,0.186936937,-0.147928994,-0.036144578,-0.302325581,0.5,0.243295019,0.028880866,-0.362179487,-0.107526882,0.210526316,0.346723044,0.123667377,0.183486239,0.197628458
2460,0.133004926,-0.580246914,-0.821428571,-0.75,0,0.426002766,0.095238095,-0.2,-0.257142857,-0.5,0.350840336,0.272079772,-0.073913043,-0.074074074,0.13559322,0.413043478,0.249122807,-0.055427252,-0.171253823,0.048611111,0.19047619,0.233862434,0.209656925,0.111570248,0.23880597
2461,-0.267605634,-0.625,-1,-1,0,0.286833856,0.005649718,-0.275,-0.2,-1,0.432876712,0.201591512,-0.030927835,-0.302325581,0.153846154,0.537313433,0.222453222,0.144827586,-0.037974684,-0.192982456,0.192307692,0.251968504,0.027896996,0.075,0.252808989
2462,-0.282208589,-0.296296296,0,0,0,0.301176471,-0.148148148,-0.289473684,-0.2,0,0.175084175,0.079487179,-0.118644068,-0.342105263,-0.4,0.281512605,0.014522822,-0.064516129,-0.447058824,-0.477272727,0.217877095,0.162162162,0.07073955,-0.096666667,0.006896552
2463,0.136363636,-0.428571429,0,0,0,0.358662614,0.223880597,-0.106382979,-0.470588235,-0.2,0.297169811,0.42248062,0.294117647,-0.277777778,0.111111111,0.85,0.248618785,0.141025641,0.057142857,-0.047619048,0.351351351,0.303529412,0.272131148,0.349152542,0.381578947
2464,0.417525773,-0.382352941,-0.428571429,-0.470588235,0,0.511078287,0.325167038,-0.048611111,-0.25,-0.045454545,0.70521542,0.340848806,-0.041666667,-0.180555556,0.115384615,0.662393162,0.301639344,0.044036697,-0.089068826,0.031390135,0.456521739,0.335214447,0.232967033,0.279295154,0.513569937
2465,0.109785203,-0.352657005,-0.337209302,0.058823529,2.5,0.127944908,0.145833333,0.105263158,-0.174157303,-0.221052632,0.19893617,0.116642959,0.130935252,0.091928251,-0.116838488,0.118699187,0.05461165,0.106751825,0.133486766,0.410041841,0.189328744,0.020676167,0.041573868,0.159607121,0.337225275
2466,0.094986807,-0.122235872,-0.031128405,0.796610169,0.924528302,0.125397772,-0.047393365,-0.232337601,-0.327394209,-0.421487603,0.056961078,0.099450742,-0.018090452,-0.141557128,-0.217785844,0.109344809,0.019818034,0.148514851,0.14676702,0.078265766,0.016922945,-0.002735922,0.028896079,0.116573034,0.126812147
2467,0.27480916,-0.514563107,-0.69047619,-0.578947368,0,0.440366972,0.17472119,0.073170732,0,-0.227272727,0.348258706,0.204857445,-0.096590909,-0.255102041,0,0.244444444,0.247609943,0.108058608,-0.004338395,0.191919192,0.631578947,0.178242678,0.145891043,0.169784173,0.207705193
2468,-0.156862745,-0.5,-1,0,0,0.494318182,0.383333333,-0.5,-0.25,0,0.291666667,0.174698795,0.277777778,-0.304347826,-0.375,0.85106383,0.148571429,0.055555556,-0.184615385,-0.425531915,0.68,0.427884615,0.063218391,0.171122995,0.481481481
2469,-0.038461538,-0.666666667,0,0,0,0.230337079,0,-0.555555556,-0.571428571,-1,0.162601626,-0.120253165,-0.416666667,-0.5,-0.25,0.2,0.314814815,-0.372881356,-0.444444444,-0.290322581,-0.172413793,0.136,0.153333333,-0.101449275,-0.215189873
2470,-0.041420118,-0.722222222,-1,0,0,0.128427128,-0.075581395,-0.285714286,-0.6,-1,0.400568182,0.073349633,0.08,-0.05,-0.35,0.375,0.157684631,0.069767442,-0.175257732,0.25,0.228070175,0.249343832,-0.003861004,-0.119284294,0.061538462
2471,0.408653846,-0.4,-0.52173913,-0.1875,0,0.334228188,0.202863962,-0.036363636,-0.052631579,-0.16,0.545454545,0.320512821,0.143410853,-0.090909091,0.216666667,0.372239748,0.274376417,0.122538293,0.047619048,0.196629213,0.330882353,0.191374663,0.231457801,0.353846154,0.377777778
2472,0.064516129,-0.361702128,-0.826086957,-1,0,0.366826156,0.063973064,-0.207317073,-0.444444444,-0.066666667,0.523160763,0.114235501,0.047337278,-0.103092784,-0.314814815,0.451476793,0.24813154,0.066455696,-0.04526749,0.086956522,0.37,0.189873418,0.073746313,0.123521682,0.309677419
2473,0.184,-0.358024691,-0.6875,-0.714285714,0,0.354609929,0.045889101,0.080645161,-0.513513514,-0.575757576,0.522556391,0.127784291,0.057432432,-0.264840183,-0.093457944,0.22739726,0.313186813,-0.139767055,-0.196162047,-0.091743119,0.355670103,0.322274882,0.139240506,0.058779762,0.225925926
2474,0.9375,0.272727273,-1,-1,0,0.988636364,0.28057554,0.257142857,-0.0625,-0.461538462,1.258064516,0.786127168,0.24137931,-0.363636364,-0.041666667,0.810126582,0.711627907,0.378571429,0.037037037,0.707317073,0.195652174,0.580392157,0.482300885,0.722222222,0.437037037
2475,0.203187251,-0.5,-0.611111111,-0.428571429,0,0.49944629,0.352941176,0.037037037,-0.323529412,0.222222222,0.386873921,0.227146814,0.061797753,0.517241379,0.242424242,0.407925408,0.385390428,0.175548589,0.038461538,-0.027522936,0.377862595,0.35982906,0.211734694,0.176821983,0.465625
2476,-0.047619048,-0.25,-0.5,0,0,0.275316456,-0.155339806,0.2,-0.363636364,-0.25,0.32,-0.017241379,0.333333333,-0.461538462,-0.538461538,0.682692308,0.404651163,0.0875,-0.410714286,-0.083333333,0.355555556,0.273170732,0.008474576,-0.084821429,0.188235294
2477,0.083333333,-0.5625,-1,0,0,0.545961003,-0.080536913,-0.133333333,-0.461538462,0,0.376,0.281746032,-0.236111111,-0.272727273,-0.444444444,0.330049261,0.168571429,-0.071428571,-0.181818182,0.375,0.247058824,0.288059701,0.152173913,0.194871795,0.076923077
2478,0.009803922,-0.548387097,-0.625,inf,0,0.422374429,-0.2,-0.25,-0.75,0,0.367132867,0.08411215,-0.393939394,-0.5,-0.285714286,0.395,0.128953771,-0.177304965,-0.166666667,-0.3125,0.518248175,0.270229008,0.122807018,-0.006968641,0.056910569
2479,-0.261904762,-0.25,-1,0,0,0.230352304,-0.1875,-0.5,-1,0,0.403061224,0.07751938,0,-0.5,-1,0.426470588,0.061583578,-0.342105263,-0.564102564,-0.3,0.438202247,0.259689922,-0.111940299,0.042654028,-0.05
2480,-0.362068966,-0.733333333,0,0,0,0.24120603,0.042857143,-0.266666667,-1,-1,0.336283186,0.25,-0.035714286,0,-0.166666667,0.233009709,-0.032258065,-0.1,-0.219512195,-0.3,0.363636364,0.198795181,-0.031847134,-0.100719424,0.171428571
2481,0.229064039,-0.252427184,-0.347826087,0.041666667,inf,0.370902818,-0.030701754,-0.148387097,-0.255813953,-0.40625,0.409707352,0.165064103,-0.035874439,-0.026548673,0.075630252,0.364368845,0.183362624,-0.054499366,-0.049568966,0.194029851,0.372134039,0.261435478,0.122157589,0.070702179,0.301452785
2482,0.119266055,-0.066666667,-0.647058824,-0.333333333,0,0.176211454,0.204678363,0.12195122,-0.12,-0.692307692,0.496296296,0.22983871,0.159090909,-0.125,0.076923077,-0.041666667,0.420664207,0.273972603,0.021428571,-0.104477612,0.128205128,0.225806452,0.067137809,0.233618234,0.353333333
2483,-0.02,-0.466666667,-1,0,0,0.076555024,-0.053571429,0.1,-1,0,0.252336449,0.09929078,-0.04,-0.4375,-1,0.451219512,0.074712644,-0.134615385,-0.451612903,-0.555555556,0.2,0.230769231,-0.119496855,-0.143884892,-0.084745763
2484,0.916666667,-0.583333333,-1,0,0,0.159722222,-0.147540984,-0.4,-0.375,0,-0.052631579,0.231707317,-0.19047619,0.307692308,-0.625,0.5,0.049019608,0,0.368421053,-0.6,-0.078947368,0.201149425,-0.174757282,-0.111111111,-0.066666667
2485,-0.097560976,-0.8125,0,0,0,0.02259887,-0.083333333,0.153846154,0,0,0.384615385,0.017857143,-0.047619048,-0.461538462,-0.5,0.154929577,0.185840708,-0.431372549,-0.470588235,0.545454545,0.592592593,0.065989848,-0.219047619,-0.040983607,-0.095238095
2486,0.137681159,0.117647059,inf,0,0,0.048016701,-0.137254902,-0.277777778,-0.7,0,0.28125,0.2,0,-0.47826087,-0.4,0.291666667,0.052631579,-0.097826087,-0.084745763,-0.15,0.119047619,0.222222222,-0.003184713,-0.022792023,0.088607595
2487,-0.122807018,-0.7,0,0,0,0.236111111,-0.22972973,0,-0.285714286,0,0.265957447,0.146496815,-0.321428571,-0.652173913,0.5,0.115384615,-0.005988024,-0.403508772,-0.510638298,-0.176470588,0.01754386,0.217021277,0.050359712,0,-0.108695652
2488,0.0625,-0.571428571,0,0,0,0.051383399,-0.242105263,-0.214285714,-1,0,0.37962963,0.098684211,-0.228571429,-0.421052632,-0.555555556,0.333333333,0.255555556,-0.16,-0.367346939,-0.515151515,0.037735849,0.291497976,-0.066666667,-0.010050251,0.094736842
2489,0.085106383,-0.677419355,-1,0,0,0.221153846,0.052631579,-0.627906977,-0.166666667,0,0.185483871,0.134099617,-0.071428571,-0.259259259,0.285714286,0.052023121,0.067567568,-0.114583333,-0.264150943,-0.307692308,0.455445545,0.229208925,-0.01242236,-0.04664723,0.065789474
2490,-0.256410256,-0.6,0,0,0,0.291666667,-0.520833333,-0.5,0,0,0.147058824,-0.193877551,-0.388888889,inf,inf,0.184615385,0.166666667,-0.387096774,-0.55,-0.2,0.404761905,0.176136364,-0.078431373,-0.25,-0.147058824
2491,-0.285714286,-0.777777778,0,0,0,0.215434084,-0.336956522,-0.142857143,-0.666666667,-1,0.123595506,0.076923077,-0.6,-0.083333333,-1,0.203539823,0.195833333,-0.225806452,-0.365384615,-0.19047619,0.179104478,0.273006135,-0.141025641,-0.145098039,0.101851852
2492,0.256410256,-1,0,0,0,0.03030303,-0.3125,-0.625,-0.714285714,0,0.306306306,0.244791667,-0.372093023,-0.466666667,-0.25,0.093457944,0.075117371,-0.3375,-0.480769231,-0.296296296,-0.169014085,0.216312057,-0.157894737,-0.099502488,-0.128440367
2493,-0.290076336,-0.705882353,-1,0,0,0.25987526,-0.203296703,-0.387096774,-0.625,0,0.589041096,0.033766234,-0.116883117,-0.394736842,0,0.386904762,0.296116505,-0.00729927,-0.28440367,-0.485294118,0.235849057,0.311320755,-0.186516854,-0.056737589,0.162011173
2494,-0.136538462,-0.622807018,-0.647058824,-1,0,0.254320988,-0.17962963,-0.364238411,-0.586956522,-0.733333333,0.425531915,0.117125111,-0.213740458,-0.308510638,-0.56,0.472332016,0.35589172,-0.204498978,-0.316993464,-0.224,0.075242718,0.191707317,-0.048156509,-0.024682124,0
2495,-0.433333333,-1,0,0,0,0.291666667,-0.5,-0.583333333,-1,0,0.280701754,0.283783784,-0.666666667,-1,inf,-0.02173913,-0.101694915,-0.4,-0.6,-0.727272727,0.08,0.314049587,-0.069306931,-0.232323232,-0.179487179
2496,-0.25,-0.75,0,0,0,0.132867133,-0.266055046,-0.545454545,-0.647058824,0,0.728682171,0.161616162,-0.344262295,-0.695652174,-0.615384615,-0.162962963,0.12195122,-0.119047619,-0.485714286,-0.133333333,0.476190476,0.080519481,-0.121771218,-0.073770492,-0.075268817
2497,-0.147826087,-0.458333333,0,-1,0,0.255102041,-0.109243697,-0.666666667,-0.538461538,-1,0.127358491,-0.044609665,0.111111111,-0.25,0.375,0.094936709,0.173745174,-0.3,-0.369230769,0,0.198113208,0.032941176,0.014184397,0.006802721,0.152380952
2498,0.222222222,0,0,0,0,0.285714286,-0.179487179,0,-1,0,0.65625,0,-0.434782609,-0.6,-1,-0.138888889,0.192771084,-0.103448276,-0.684210526,-1,-0.125,0.478873239,-0.238636364,0.111111111,-0.060606061
2499,0.066666667,-0.619047619,-0.5,-1,0,0.3125,0.068493151,0.083333333,-0.222222222,-0.5,0.211111111,0.6,-0.216666667,0,-0.157894737,0.290697674,0.123076923,0.377358491,-0.203125,-0.085714286,0.219512195,0.072815534,0.12195122,0.079710145,0.132947977
3501,0.12716763,-0.529411765,-0.529411765,-0.789473684,0,0.214285714,0.101369863,-0.087912088,-0.527272727,-0.294117647,0.171875,0.104885057,0.068181818,-0.128787879,-0.211267606,0.220994475,0.111662531,-0.103333333,-0.35,-0.120567376,0.156,0.187452759,0.022377622,-0.047680412,-0.123595506
3502,0.083916084,-0.431034483,-0.592592593,-1,-1,0.258715596,0.214285714,0.037037037,-0.25,0.076923077,0.471264368,0.297180043,0.083333333,-0.232758621,-0.018181818,0.299465241,0.469924812,-0.019305019,-0.185328185,-0.181818182,0.588235294,0.23653088,0.154440154,0.06779661,0.184782609
3506,0.168082095,-0.023364486,0.034246575,-0.070588235,0.287671233,0.195585413,0.193673111,0.094669118,0.053208138,-0.212981744,0.234922861,0.15207117,0.083513319,0.023153252,0.190615836,0.235501913,0.223491682,0.10268488,-0.016023739,0.151972158,0.122778675,0.198484848,0.166666667,0.157678245,0.165024631
3507,0.025773196,-0.585365854,-0.592592593,-1,-1,0.135099338,0.05,-0.350877193,-0.391304348,-0.214285714,0.232815965,0.11700468,0.070512821,-0.14159292,-0.290909091,0.321428571,0.085816448,0.131782946,-0.224489796,-0.081081081,0.198113208,0.232656514,0.059773829,-0.123989218,-0.107042254
3509,0.073529412,-0.214285714,-0.181818182,-1,-1,0.221218962,0.179487179,-0.109589041,-0.222222222,-0.571428571,0.289377289,0.238356164,0.126213592,-0.222222222,-0.052631579,0.395833333,0.29769392,-0.058823529,-0.134502924,-0.053333333,0.068493151,0.189224704,0.209677419,0.031180401,-0.103846154
3510,0.117359413,-0.251908397,-0.390243902,0,-0.5,0.156646909,0.180952381,-0.018867925,-0.102941176,-0.052631579,0.113231552,0.105128205,0.003745318,-0.147239264,-0.081081081,0.239332096,0.125,0.002739726,-0.127340824,-0.270072993,0.151807229,0.14791901,0.11517761,-0.039285714,0.034155598
3511,0.278688525,-0.428571429,-0.5,-1,-1,0.143382353,0.208633094,0,-0.434782609,-0.571428571,0.388059701,-0.033557047,-0.168674699,-0.057142857,-0.2,0.323232323,0.237654321,0.19266055,-0.03125,0.022222222,0.274509804,0.152424942,0.026717557,0.055555556,-0.046979866
3512,-0.057251908,-0.578947368,-0.552631579,-0.65,-1,0.206997085,-0.023706897,-0.061068702,-0.18,-0.48,0.069659443,0.111506524,0.004405286,0.024590164,-0.35106383,0.268792711,0.102415459,-0.019230769,-0.075539568,-0.163636364,0.300813008,0.150197628,0.074292453,-0.093621399,0.026915114
3513,0.4,-0.380952381,0,0,0,0.084158416,0.16091954,0.157894737,-0.352941176,-1,0.311827957,-0.020512821,-0.358490566,-0.28,-0.266666667,0.115384615,0.103603604,-0.013888889,-0.195652174,0.363636364,0.384615385,0.167130919,0.007246377,-0.217647059,-0.279069767
3514,0.277777778,-0.431034483,-0.76,-0.714285714,-1,0.201754386,0.263598326,0.138461538,-0.225,-0.307692308,0.201754386,0.162361624,0.023076923,-0.181818182,-0.026315789,0.338028169,0.214388489,-0.027149321,-0.251308901,-0.289473684,0.460431655,0.228540773,0.163135593,0.005514706,-0.050314465
3515,0.087272727,-0.524193548,-0.451612903,-0.545454545,0.2,0.168604651,0.166306695,-0.038461538,-0.347222222,-0.571428571,0.173622705,0.087542088,0.142857143,-0.116438356,0.230769231,0.116704805,0.138164251,-0.070422535,-0.004255319,-0.1,0.340350877,0.137483787,0.10989011,-0.037678208,-0.082601054
3516,0.248175182,-0.303571429,-0.611111111,-1,-1,0.093474427,0.230452675,-0.147058824,-0.644444444,-0.285714286,0.145695364,0.067061144,-0.064516129,-0.192771084,-0.388888889,0.078341014,0.1875,0.275362319,-0.101351351,-0.344086022,0.166666667,0.063596491,0.040254237,-0.081081081,-0.101851852
3518,0.282364934,-0.210653753,-0.333333333,-0.503649635,-0.666666667,0.256664128,0.16985254,0.126038781,0.025862069,-0.016025641,0.230898876,0.252051583,0.118794326,0.01863354,0.289719626,0.270053476,0.230305062,0.203065134,-0.047853971,0.149019608,0.351626016,0.195337621,0.219436707,0.14678511,0.1482661
3519,0.570992366,0.530805687,0.140515222,-0.320454545,-0.54040404,0.488958991,0.582957958,0.376462491,0.121141975,-0.010144928,0.480731548,0.392122072,0.304851158,0.051671733,0.118338558,0.449709865,0.320541761,0.189218524,0.034715822,0.085474308,0.632495164,0.389210991,0.397401434,0.305351957,0.209748083
3520,0.305301877,0.134489403,-0.142966361,-0.272727273,-0.383685801,0.215111111,0.261957869,0.026392962,-0.154917687,-0.478537361,0.131531532,0.153978364,0.107335267,0.030046435,0.05837239,0.21794129,0.124738992,0.077088859,0.031742557,0.067641682,0.276524645,0.200704083,0.135044643,0.096540145,-0.006717244
3521,0.315274151,0.098381071,-0.157684631,-0.267990074,-0.317269076,0.371125384,0.344803615,0.212412028,0.162303665,0.034443169,0.232011747,0.209559816,0.134592206,0.096940803,0.296017223,0.2783738,0.189749431,0.131101022,0.062310797,0.223386279,0.272727273,0.188559717,0.224825947,0.184235518,0.241889891
3522,0.379310345,0.028571429,-0.541666667,-0.166666667,-1,0.266159696,0.230337079,0.066666667,-0.195121951,-0.5,0.375838926,0.180392157,0.265306122,0.142857143,-0.016129032,0.148148148,0.162576687,0.086206897,-0.161904762,0.085106383,0.535714286,0.263013699,0.308243728,0.172897196,0.070234114
3523,0.203285421,-0.14,-0.431372549,-0.142857143,-0.388888889,0.244534413,0.150664697,0.062827225,0.11,-0.309859155,0.34398977,0.086725664,0.234177215,-0.043478261,0.047619048,0.180297398,0.16579537,0.017636684,-0.094269871,-0.057432432,0.177606178,0.216627635,0.171149144,0.134652202,0.049395161
3524,0.407361963,0.155629139,0.058479532,0.022727273,-0.285714286,0.225142357,0.230515192,0.362903226,0.453521127,0.441747573,0.222883598,0.139111111,0.473469388,0.174324324,0.426592798,0.2,0.113962264,0.111553785,0.200845666,0.267295597,0.355263158,0.173579109,0.197959955,0.328954283,0.285850405
3525,0.244845361,-0.334851936,-0.357615894,-0.655737705,-0.098039216,0.13125,0.17473822,0.013179572,-0.095100865,-0.252688172,0.156276687,0.033917257,0.114473684,-0.137007874,0.280235988,0.17709637,0.062853342,0.092561983,-0.014348786,0.055172414,0.102840353,0.210479965,0.088002264,0.035266272,0.018373729
3526,0.194587629,-0.158730159,-0.604477612,-0.583333333,0.115384615,0.135338346,0.136294028,-0.006802721,-0.25,-0.142857143,0.154844692,0.066513761,0.134932534,-0.092631579,-0.1171875,0.208766716,0.075107296,0.077333333,-0.069690265,-0.097107438,0.165016502,0.234254644,0.050362194,-0.015255758,-0.03648863
3528,0.345679012,-0.458333333,-0.78125,-0.863636364,-1,0.097468354,0.18,-0.342857143,-0.368421053,-0.451612903,0.244389027,0.086280057,0.111111111,-0.261904762,-0.28358209,0.26,0.173455979,0.060836502,-0.220183486,0.064285714,0.221428571,0.199029126,0.103059581,-0.084705882,-0.072289157
3529,0.117924528,-0.394366197,-0.24137931,-0.793103448,-1,0.18172378,0.042505593,0.324074074,-0.294117647,-0.425531915,0.138408304,0.115438108,0.063348416,0.153846154,-0.108433735,0.14021164,0.223529412,0.049723757,-0.145762712,0.141843972,0.204301075,0.114591921,0.106586826,0.044955045,0.078231293
3530,0.359749739,-0.092592593,-0.077419355,-0.220930233,0.567567568,0.169388409,0.198076923,0.117760618,0.145454545,-0.179190751,0.221200387,0.123622047,0.069977427,-0.079315708,0.237951807,0.261637239,0.135675153,0.055181696,-0.112443778,0.05899705,0.289705882,0.23690205,0.1518777,0.122356495,0.113420696
3531,0.198630137,-0.315789474,-0.692307692,0,-1,0.096601073,0.089473684,0.159090909,-0.095238095,-0.666666667,0.1225,0.06993007,0.172043011,-0.040816327,-0.326530612,0.123505976,0.134831461,0.175,-0.363157895,-0.048076923,0.39,0.206552707,-0.017660044,-0.081705151,-0.054054054
3532,0.464052288,-0.301886792,-0.785714286,-1,-1,0.110970996,0.123809524,-0.047058824,0.078947368,-0.285714286,0.271334792,0.178125,0.024390244,-0.14159292,-0.103896104,0.208333333,0.194714882,0.075,-0.160869565,-0.116883117,0.391304348,0.196896217,0.121163166,0.04375,0.015730337
3534,0.365671642,-0.428571429,-0.5,-1,0,0.150485437,-0.021428571,-0.216494845,-0.361111111,-0.291666667,0.240469208,0.116803279,0.007633588,-0.191919192,0.014084507,0.03649635,0.133898305,0.142857143,-0.327272727,-0.048611111,0.454545455,0.205282113,0.011299435,0.026186579,-0.015665796
3536,-0.040178571,-0.430555556,-0.64,-1,-1,0.039014374,-0.123893805,-0.330645161,-0.536585366,-0.76,0.163498099,0.12,-0.202247191,-0.136363636,-0.164179104,-0.031325301,-0.023341523,-0.110132159,-0.070588235,0,0.344660194,0.088187702,-0.010071942,-0.189349112,-0.188679245
3537,0.031187123,-0.315789474,-0.471428571,-0.526315789,-0.023255814,0.185604677,-0.041221374,-0.188118812,-0.409722222,-0.375838926,0.191596639,0.086713996,0.149917628,-0.108333333,0.034013605,0.140707299,0.124947056,-0.007960199,-0.127395716,-0.080500894,0.174668029,0.185320585,0.040718563,-0.029222864,-0.044955567
3538,0.057823129,-0.171052632,-0.375,-0.708333333,0,0.11938873,0.123762376,-0.029850746,-0.05,-0.35,0.152209493,-0.022900763,0.055865922,-0.279069767,-0.38028169,0.210280374,0.085084034,0.032258065,-0.267489712,-0.205673759,0.252396166,0.172437203,-0.01164295,-0.05888651,-0.212569316
3539,0.174025974,0.002949853,-0.05785124,-0.178082192,1,0.135452463,0.098995696,-0.029761905,-0.045045045,-0.354037267,0.193051891,0.146797569,0.045519203,0.012077295,0.186813187,0.214727723,0.028935584,-0.00810081,-0.107981221,0.065168539,0.445436508,0.239250276,0.130986938,0.029194928,-0.019553073
3540,0.09375,-0.620689655,-0.777777778,0,0,0.188436831,0.23880597,-0.075,0,-0.071428571,0.013289037,-0.021333333,-0.097560976,0,-0.454545455,0.417177914,0.023109244,-0.025862069,-0.398148148,-0.150684932,0.390804598,0.179127726,-0.1197411,-0.010152284,-0.146616541
3541,0.2890625,-0.265306122,-0.75,-1,0,0.115173675,0.126086957,0,0.074074074,0.625,0.26984127,0.055555556,-0.24,-0.266666667,-0.035714286,0.219387755,0.150579151,0.019047619,-0.217391304,-0.194029851,0.349315068,0.179921773,0.125333333,-0.006912442,-0.219330855
3542,0.522058824,-0.269230769,-0.84375,-1,-0.5,0.09529703,0.083333333,0.068965517,-0.161290323,-0.333333333,0.083333333,0.003115265,0.161290323,-0.142857143,-0.274509804,0.243346008,0.129310345,-0.114285714,-0.244791667,-0.169642857,0.229665072,0.157754011,0.056640625,-0.083981337,-0.08913649
3543,0.289325843,-0.257668712,-0.368421053,-0.644859813,-0.448275862,0.23094959,0.222375691,0.206018519,0.025362319,-0.00990099,0.269055375,0.212392988,0.264075067,-0.025,-0.032934132,0.352362205,0.151677852,0.134126984,-0.073038073,0.066666667,0.411870504,0.277747845,0.168267384,0.116640747,0.08997955
3544,0.28,-0.24,-0.588235294,-1,0,0.278538813,0.248730964,0.023255814,0.333333333,-0.4,0,-0.019047619,0.05,-0.222222222,0.173913043,0.074468085,0.104722793,0.122580645,-0.025641026,-0.034482759,0.358974359,0.324438202,0.088414634,-0.118881119,-0.2125
3546,0.793103448,-0.133333333,0,0,0,0.321917808,0.707317073,0.1,-1,0,0.130434783,0.160839161,0.148148148,-0.483870968,-0.333333333,0.622222222,0.156069364,0.352941176,0.137931034,0.333333333,0.536585366,0.370786517,0.032608696,-0.072164948,-0.156862745
3547,0.117647059,-0.225,-0.777777778,-1,0,0.198979592,0.180851064,-0.075,-0.43902439,-0.5,0.266666667,0.057364341,-0.103030303,-0.159090909,-0.509090909,0.199460916,0.153748412,-0.077419355,-0.25,0.12295082,0.11627907,0.14173913,0.196808511,0.036873156,-0.101827676
3548,0.029585799,-0.569444444,-0.740740741,-0.727272727,0,0.123115578,0.089403974,-0.088888889,-0.523809524,-0.625,0.22997416,0.033333333,-0.068027211,-0.188235294,-0.342105263,0,0.048854962,-0.075757576,-0.31875,-0.25,0.226130653,0.11131899,0.017301038,-0.102603369,-0.017482517
3549,0.446428571,-0.222222222,-1,-1,0,0.11747851,0.113475177,-0.333333333,0,0,0.301136364,0.199335548,0.270833333,-0.307692308,-0.666666667,0.097014925,0.006993007,0.182692308,-0.329113924,-0.307692308,0.147058824,0.223443223,-0.034883721,0.019083969,0.181818182
3551,0.75,-1,0,0,0,-0.178571429,0.35,-0.2,inf,0,0.266666667,0.041666667,0.571428571,-0.333333333,0,0.0625,-0.02970297,0,-0.181818182,-0.736842105,0.416666667,0.185185185,-0.295081967,-0.245614035,0.217391304
3552,0.146341463,-0.684210526,-1,0,0,0.138297872,0.279411765,-0.041666667,0,0,0.054347826,0.256944444,-0.454545455,-0.153846154,-0.3,0.254237288,0.020512821,0.371428571,-0.25,-0.375,0.545454545,0.1,0,-0.153846154,-0.028985507
3553,0.320675105,-0.473684211,-0.418604651,-0.333333333,0,0.068230277,0.126654064,-0.21182266,-0.39,0.047619048,0.2,0.076843198,-0.119402985,-0.088235294,-0.25974026,0.240890688,0.06281407,-0.051851852,-0.205992509,-0.119266055,0.18128655,0.174418605,0.084255319,-0.039583333,-0.014010508
3554,0.140625,-0.7,-1,-1,0,0.166197183,0.105769231,-0.08,-0.333333333,1.5,-0.011627907,0.054166667,-0.117647059,0.5,-0.444444444,0.148760331,-0.14801444,-0.135135135,-0.512195122,-0.2,0.284210526,0.115207373,-0.059322034,-0.090163934,0.082474227
3556,0.067708333,-0.4,-0.5625,-0.777777778,-1,0.035377358,-0.078313253,0.0375,-0.304347826,-0.210526316,0.230519481,0.026,0.145454545,-0.073529412,-0.12195122,0.114503817,0.109259259,-0.169398907,-0.440559441,-0.106060606,0.378205128,0.164113786,-0.032094595,-0.182423435,-0.076086957
3557,0.022140221,-0.43902439,-0.631578947,-0.8,0,0.076988156,-0.033802817,-0.238461538,-0.257142857,-0.625,0.257425743,0.13091922,-0.065217391,-0.137254902,-0.264150943,0.140515222,-0.057786484,-0.016194332,-0.293103448,0.012048193,0.179153094,0.154455446,0.008343266,-0.140860215,-0.205128205
3558,0.054245283,-0.442477876,0,-0.44,0,0.028529627,-0.031936128,-0.227272727,0.058823529,-0.172413793,0.166666667,-0.007025761,0.090909091,-0.080357143,0.214285714,0.059485531,0.095734597,-0.116666667,-0.360294118,-0.25,0.364820847,0.168938945,-0.02559415,-0.143084261,-0.105263158
3559,0.153846154,-0.363636364,-0.2,-1,0,-0.089201878,0,-0.333333333,-0.5,inf,0.244444444,-0.050505051,-0.413793103,0.214285714,-0.538461538,0.223880597,0.064285714,-0.254545455,-0.258064516,-0.277777778,0.044444444,0.086065574,0.133333333,-0.314102564,-0.077922078
3560,0.318181818,-0.24,0.111111111,0.5,0,0.081151832,0,-0.387755102,-0.111111111,-0.166666667,-0.03930131,-0.055350554,0.059701493,-0.254901961,-0.394736842,0.264285714,0.181303116,-0.25,-0.352380952,-0.288888889,0.826923077,0.088291747,0.012944984,-0.145945946,-0.012578616
4601,0.380952381,-0.625,0,0,0,0.2421875,-0.20754717,0,inf,0,-0.1015625,0.432432432,0.181818182,0,0.166666667,0.478873239,0.068292683,-0.064516129,-0.46875,0,0.709677419,0.211618257,0.117647059,-0.217391304,-0.280701754
4602,0.679245283,-0.129032258,0.3,-0.3,1.25,0.524590164,0.518518519,0.176470588,1,0.55,0.573333333,0.459363958,0.260416667,-0.032258065,0.197530864,0.352941176,0.398203593,0.225806452,0.245614035,0.186440678,0.575,0.409547739,0.450592885,0.424332344,0.385416667
4603,0.756756757,-0.523809524,-0.142857143,0,inf,-0.047761194,0.37037037,0.476190476,0.416666667,0.066666667,0.436363636,0.139917695,0.244897959,0.2,0.653846154,0.033057851,0.220588235,0.244186047,0.141666667,0.139393939,-0.018518519,0.304020101,0.078341014,0.288793103,0.198275862
4604,1,0,0,0,0,0.215384615,0.083333333,inf,0,0,-0.066666667,0,inf,-0.166666667,0,-0.12195122,0.283018868,-0.210526316,-0.230769231,-0.352941176,-0.222222222,0.021276596,0.52,0.029411765,0.44
4605,0.666666667,-0.222222222,0,0,0,-0.033057851,0.588235294,-0.6,inf,0,-0.096774194,0.086956522,0,-0.25,inf,-0.056603774,-0.091743119,0,-0.392857143,-0.571428571,-0.055555556,0.042682927,0.12,-0.173333333,-0.044444444
4606,1.142857143,0,0,0,0,-0.011904762,0.4,0,0,0,-0.070175439,-0.2,-0.363636364,inf,-0.428571429,-0.178571429,-0.060606061,0.230769231,0,0.181818182,0.235294118,0.186813187,0.027027027,0.043478261,0.03030303
4607,0.338582677,-0.256410256,-0.428571429,inf,inf,0.032136106,0.094339623,0.682926829,0.259259259,1,0.051764706,0.245733788,0.020408163,0.189655172,1.333333333,0.161290323,0.072916667,0.129770992,0.100840336,0.473684211,0.174242424,0.118890357,0.16,0.055684455,0.167464115
4608,0.222222222,-1,0,0,0,0.03960396,-0.260869565,-1,inf,0,-0.15,0.361702128,-1,-0.166666667,0.333333333,0.027777778,-0.102564103,-0.071428571,-0.421052632,0,0.357142857,0.111111111,-0.186440678,-0.054545455,-0.186046512
4609,-0.019607843,-0.4375,inf,-1,0,0.058479532,-0.089285714,0.263157895,0.2,-0.444444444,0.129032258,0.15625,-0.2,0.333333333,0.307692308,0.097826087,-0.077419355,-0.254237288,-0.380952381,-0.038461538,0.194444444,0.186440678,0.03968254,-0.088435374,0.205128205
4610,0.181818182,-0.333333333,0,0,0,0.448275862,0.28125,3.666666667,0.4,0,0.08,0.551020408,-0.083333333,-0.066666667,-0.272727273,-0.363636364,0.425531915,0.212121212,0.275862069,-0.04,inf,0.377358491,0.256410256,0.103896104,0.205882353
4611,0.057289003,0.082251082,0.241935484,0.329787234,1,-0.024802111,0.129933212,0.059322034,0.281818182,0.377483444,0.081598469,0.059899117,0.008637236,0.124378109,0.435114504,0.071151814,0.114181818,0.261682243,0.042052145,0.290322581,-0.014459225,0.067642187,0.056616341,0.030517818,0.206971678
4612,0.107142857,-0.1,-0.428571429,0,0,0.021582734,0.35483871,1.666666667,0.333333333,1.333333333,0.126760563,0.18705036,-0.303030303,0.066666667,0.066666667,0.821428571,0.552238806,0.350877193,-0.263157895,0.72,0.818181818,0.130177515,0.294117647,0.241610738,-0.058823529
4613,0.416666667,-0.16,-0.444444444,-1,-1,-0.011363636,0.092896175,0.102040816,0.181818182,0.125,0.467625899,0.272727273,0.086956522,-0.152542373,-0.135135135,0.065217391,0.361774744,0.022058824,-0.108280255,-0.175675676,0.127659574,0.164921466,0.100746269,0.042328042,0.149425287
4614,-0.172413793,-0.416666667,0,inf,0,-0.133333333,0.033898305,1,1.333333333,-0.571428571,0.352941176,0.118811881,0.45,-0.043478261,-0.214285714,0.153846154,0.155737705,0.14893617,-0.045454545,-0.416666667,0.777777778,0.171428571,0.009090909,-0.130434783,0.363636364
4615,0.5,-0.142857143,-1,0,0,-0.079812207,0.382352941,0.571428571,inf,inf,-0.226950355,0.026548673,-0.0625,0.2,2.666666667,0.040540541,-0.190789474,-0.2,-0.428571429,-0.380952381,-0.298507463,0.114624506,-0.117021277,-0.166666667,0.233333333
4616,2.5,-1,0,0,0,0.166666667,0.235294118,inf,0,0,-0.158730159,-0.169491525,0,0,inf,-0.333333333,-0.177419355,0.1,0,-0.125,0.15625,0.095238095,0,-0.20754717,-0.037037037
4617,0.258064516,-0.444444444,-1,0,0,0.237623762,0.033333333,0.3,-1,-1,-0.211956522,-0.008130081,-0.074074074,-0.458333333,-0.2,-0.059405941,-0.141975309,-0.228571429,0.25,-0.086956522,0.161764706,0.050847458,-0.158730159,-0.164285714,0.158730159
4618,0.277777778,-0.384615385,0,0,0,0.04784689,0.073170732,1.6,-0.142857143,0,0.049180328,0.012269939,-0.419354839,-0.6,0.333333333,-0.141509434,0.089820359,-0.204545455,-0.428571429,0.181818182,0.319148936,0.12585034,0.311827957,-0.208,-0.247311828
4619,1.2,-1,0,0,0,0.333333333,0,0,0,-0.333333333,-0.55,0.571428571,-0.285714286,-1,-1,0,0.666666667,-1,1.5,0.375,0.833333333,0.137931034,-0.133333333,-0.214285714,-0.55
4620,0.357142857,-1,0,0,0,0,-0.034482759,0.142857143,-1,0,-0.1375,-0.066666667,-0.4,0.666666667,-0.166666667,-0.046511628,0.016393443,-0.5,-0.352941176,-0.125,0.25,0.007352941,0.074074074,-0.246575342,-0.076923077
4621,0.048780488,-0.625,-1,0,0,0.040650407,-0.120689655,-0.269230769,-0.294117647,0.1,-0.042105263,-0.084210526,0.176470588,-0.421052632,-0.222222222,0.030769231,-0.008928571,0.142857143,-0.105263158,-0.05,-0.108695652,0.205714286,-0.170940171,-0.167938931,-0.090909091
4622,-0.057142857,-0.153846154,-0.416666667,-0.5,inf,0.081081081,-0.163636364,0.058823529,-0.047619048,-0.157894737,0.282608696,0,-0.071428571,0.444444444,0.185185185,0.051724138,0.092307692,-0.1,-0.166666667,0.153846154,0.4,0.121428571,-0.147058824,-0.109090909,-0.075949367
4623,-0.2,-1,0,0,0,0.615384615,0,0.142857143,0.5,0,-0.304347826,-0.111111111,-0.2,-0.166666667,-0.666666667,0.071428571,-0.2,0.428571429,0.1,0.7,-0.4,0.103448276,0.210526316,-0.1875,0
4701,0.076923077,-0.2,0.6,-1,0,-0.133333333,0.010752688,0.5,-0.230769231,-0.090909091,0.151724138,0.103896104,0.266666667,-0.36,-0.076923077,0.515151515,-0.065326633,0.1,0.058823529,0.236842105,0.102941176,0.092356688,0.181818182,0.064356436,0.188679245
4702,0.105263158,0,inf,0,0,-0.064516129,0.145454545,0.833333333,1.25,-0.5,-0.043478261,-0.096774194,-0.178571429,-0.2,-0.444444444,0.403508772,0.012578616,0.266666667,0.909090909,0.523809524,0.06122449,0.105726872,0.183486239,-0.015151515,0.3
4703,-0.25,-0.666666667,0,inf,0,-0.016129032,-0.382352941,-0.666666667,0,0,0.014084507,-0.097222222,-0.111111111,-0.666666667,-0.307692308,-0.131147541,-0.010989011,-0.217391304,-0.571428571,0.3,-0.189189189,-0.038961039,0.042553191,0.017857143,-0.052631579
4704,-0.2,-0.333333333,0,0,0,-0.168141593,-0.304347826,inf,0,0,0.017857143,-0.14,-1,-0.428571429,-0.4,0.071428571,0.129032258,0.071428571,-0.545454545,-0.5,-0.205882353,0.138888889,-0.071428571,-0.244444444,0.0625
4705,0.318181818,0.076923077,inf,2,0,0.040372671,0.378378378,0.714285714,0.142857143,inf,-0.085561497,-0.136363636,0,-0.464285714,0,0.237623762,-0.013215859,-0.069767442,-0.081081081,-0.318181818,0.08974359,0.054830287,0.113475177,0.011049724,0.152173913
4706,-0.076791809,0.216,0.181818182,0.206896552,inf,0.156351792,0.293934681,0.254464286,0.327868852,0.625,0.171693735,0.142602496,0.147058824,0.03255814,0.714285714,0.186695279,0.174306004,0.253846154,0.321989529,0.108433735,0.137254902,0.140364188,0.154208754,0.133019423,0.254830918
4707,-0.144067797,-0.432432432,-0.125,0.75,0,0.055793991,0.127819549,-0.157894737,0,-0.25,0.102766798,0.025641026,-0.151515152,-0.153846154,0.181818182,0.026455026,-0.005952381,0.205479452,-0.107142857,-0.245901639,0.289473684,0.123595506,0.039426523,-0.019607843,0.122580645
4708,-0.106060606,-0.2,0.25,inf,0,0.062937063,0.2,-0.210526316,0.333333333,inf,0.161676647,0.120805369,0.032258065,-0.24,-0.166666667,-0.03968254,0.084158416,0.036363636,-0.083333333,0.368421053,-0.012987013,0.005167959,-0.055214724,0.124293785,0.06185567
4709,0.096774194,-0.117647059,inf,0,0,0.075376884,0.301204819,0.3125,-0.153846154,-0.222222222,-0.301470588,0.06043956,0.25,-0.260869565,0.133333333,-0.100719424,0.051383399,-0.015384615,-0.106382979,-0.157894737,0.611111111,-0.05720339,-0.085106383,0.067357513,0.166666667
4710,-0.25,-0.545454545,0,0,0,0.164383562,-0.322580645,inf,inf,0,-0.272,0.026315789,0.6,0,-1,-0.027777778,-0.101851852,0.538461538,0.055555556,-0.473684211,0.0625,0.005405405,-0.313953488,-0.264367816,0.2
4711,-0.150192555,-0.193717277,0.338235294,0.769230769,4.142857143,0.193828351,0.252631579,0.026936027,0.083870968,0.861111111,0.199700823,0.207413249,0.304461942,0.407239819,0.602272727,0.090526316,0.309172547,0.395176252,0.253578732,0.386861314,0.017241379,0.136470588,0.244012945,0.173014146,0.266794626
4712,-0.119047619,-0.466666667,-1,0,0,0.176100629,0.338983051,0.2,0.166666667,inf,0.115789474,0.074380165,0.09375,-0.444444444,-0.2,0.098360656,-0.00729927,-0.105263158,-0.307692308,-0.4375,-0.11627907,0.126696833,0.206185567,0.113043478,0.075949367
4713,0.378378378,-0.181818182,0,0,0,-0.039325843,0.377777778,-0.166666667,2.333333333,inf,-0.060344828,-0.215517241,-0.074074074,0.066666667,0.375,0,0.125,-0.106382979,0.096774194,-0.142857143,-0.153846154,0.111650485,-0.04040404,-0.153284672,0.146067416
4714,-0.211538462,0.285714286,-0.25,0,0,0.07591623,0.074626866,1.363636364,0.166666667,-0.333333333,-0.02764977,-0.205323194,-0.195121951,0.636363636,0.235294118,0.263157895,-0.021459227,-0.44,-0.233333333,-0.454545455,0.352112676,0.133333333,-0.023121387,-0.146017699,-0.022222222
4715,-0.227586207,-0.377358491,0.066666667,-0.333333333,-1,0.08496732,0.144186047,0.115942029,0.111111111,-0.358974359,0.139130435,0.035087719,0.294736842,-0.015151515,0.076923077,0.02173913,0.090909091,-0.114942529,-0.042553191,0.319148936,0.101265823,0.110559006,0.009638554,0.085903084,0.159763314
4716,-0.081967213,-0.625,-0.071428571,inf,0,0.120567376,0.424242424,0.333333333,1,0.181818182,-0.051428571,0.197183099,0.138888889,0.178571429,-0.35483871,0.055555556,-0.154811715,0.072727273,-0.266666667,-0.038461538,-0.043010753,0.050802139,-0.049382716,-0.081218274,0.03968254
4717,0.490909091,0.611111111,0.75,inf,0,0.119834711,0.074380165,-0.027777778,0.35,0.066666667,0.277310924,0,0.06,0.517241379,-0.179487179,0.177083333,0.185,0.136363636,0.109375,0.220338983,0.052631579,0.169230769,0.174698795,0.061320755,0.294964029
4718,-0.131578947,0.272727273,-0.166666667,0.333333333,0.5,0.036144578,0.634146341,0,-0.2,-0.304347826,0.111111111,0.4375,0.344827586,-0.193548387,-0.333333333,0.533333333,-0.151515152,-0.128205128,-0.1,-0.283018868,0.085714286,0.149122807,0.142857143,-0.076086957,0.034188034
4801,0.170731707,-0.391304348,-0.19047619,0.8,0,0.141802068,0.251162791,0.164179104,-0.15,0.235294118,0.16918429,0.083333333,-0.066666667,0.223880597,0.419354839,0.323943662,0.012389381,-0.010752688,0.035460993,0.230769231,0.163636364,0.266021765,0.094713656,0.001776199,0.089347079
4802,0.166666667,-0.346938776,-0.210526316,-0.535714286,1.333333333,0.241210938,0.310344828,0.367346939,0.317460317,0.036363636,0.220198675,0.031763417,0.213953488,0.031055901,0.646464646,0.122727273,0.230107527,0.094986807,0.082781457,0.379464286,-0.054945055,0.239387613,0.116470588,0.123212321,0.239370079
4803,0.259259259,0.181818182,0,0,0,0.038461538,0.294117647,0.466666667,0.272727273,-0.222222222,-0.04379562,-0.019230769,-0.302325581,0.4,0.047619048,0.38028169,-0.089285714,0.394736842,-0.52238806,-0.316666667,0.314814815,0.08,-0.1125,-0.095541401,0.033557047
4804,-0.545454545,inf,0,0,0,-0.061728395,-0.035714286,-0.666666667,0,0,-0.169811321,-0.24,0.222222222,-1,0,0.36,-0.04109589,0.058823529,-0.666666667,-0.363636364,0,-0.19266055,-0.244444444,-0.054545455,-0.534883721
4805,0.042857143,0,0.2,-0.166666667,inf,0.055232558,0.320610687,0.166666667,-0.08,-0.333333333,0.316455696,0.117870722,0.072727273,-0.081632653,-0.568181818,0.427272727,0.184563758,0.087378641,-0.235772358,-0.082191781,0.447761194,0.141025641,-0.008438819,0.108433735,0.145251397
4806,0.276209677,0.20412844,0.087264151,0.182978723,0.670103093,0.163424639,0.340776453,0.310917722,0.44083225,0.652173913,0.159422936,0.233923103,0.251099384,0.30375,0.420081967,0.188501935,0.248628885,0.256329114,0.339609723,0.535272277,0.168429299,0.210703787,0.276519337,0.221875,0.331111547
4807,-0.01754386,0.277777778,-0.272727273,0,0,0.09122807,0.226804124,0.277777778,-0.35,-0.615384615,0.1,-0.208494208,0.104166667,-0.055555556,0.2,0.021428571,0.063909774,-0.195402299,-0.268041237,0,0.246376812,0.172413793,0.039800995,-0.030172414,-0.042682927
4808,0.077419355,0.026086957,-0.015873016,-0.058823529,0,0.304237288,0.369090909,0.343558282,0.451612903,0.525,0.301013025,0.166,0.184501845,-0.048543689,-0.067226891,0.401847575,0.193575655,0.096707819,-0.002242152,0.193415638,0.394366197,0.232224771,0.201335878,0.225751073,0.155963303
4809,-0.029411765,-0.2,-1,0,0,0.276785714,0,0,-0.166666667,0.4,-0.03125,0.074766355,-0.2,-0.461538462,-0.529411765,-0.125,0.093220339,0.222222222,-0.382978723,0.238095238,0.135135135,0.08839779,-0.087378641,0,0.025641026
4810,0.223880597,-0.155172414,0.466666667,0.25,-1,0.028241335,0.552380952,0.321428571,0.195121951,0.086956522,0.053658537,0.011787819,0.14159292,0.438596491,0,0.25498008,0.140794224,-0.101449275,0.160714286,0.14516129,0.148571429,0.133540373,0.128479657,-0.029616725,0.131506849
4811,0.116050354,0,0.08411215,0.02688172,0.175824176,0.123634994,0.410632184,0.26801406,0.473136915,0.81097561,0.206379343,0.188056126,0.288983502,0.283062645,0.495978552,0.206849687,0.286206897,0.340483487,0.288024644,0.360026918,0.018072289,0.217534247,0.254355401,0.187839171,0.293899423
4812,0.512820513,0.4,0.5,1.333333333,1.25,0.101648352,0.069306931,0.965517241,0.55,0.16,0.143564356,0.003134796,0.243902439,-0.079365079,-0.06122449,0.448598131,0.18597561,0.027777778,0.096551724,-0.129310345,-0.094017094,0.289640592,0.078947368,0.128205128,0.094117647
4813,0.131313131,-0.195652174,0.076923077,-0.25,-0.6,0.045098039,0.263888889,0.043478261,0.176470588,-0.25,0.299019608,-0.062068966,0.1875,0.115384615,0.184210526,-0.005,0.077858881,-0.028169014,-0.060344828,-0.0125,0.21875,0.202643172,0.005420054,-0.031890661,-0.03654485
4814,-0.184210526,-0.433333333,-0.375,0.666666667,0,0.331325301,0.0625,-0.060606061,0.222222222,-0.181818182,0.55,0.198347107,-0.115384615,-0.205882353,-0.407407407,0.073684211,0.015384615,-0.091954023,-0.35106383,0.216216216,0.542857143,0.32244898,0.047904192,0.104972376,-0.024793388
4815,-0.196969697,-0.606060606,-0.2,0,inf,0.094650206,0.112244898,0.071428571,-0.333333333,-0.2,-0.04519774,0.25136612,0.387755102,0.111111111,-0.111111111,-0.158333333,-0.048327138,0.052631579,-0.117647059,1.5,0.106666667,0.167567568,0.055,0.110047847,-0.280701754
4816,0.975308642,0.425531915,-0.414634146,-0.25,0.636363636,0.316770186,0.408163265,0.571428571,0.666666667,0.25,0.454545455,0.544186047,0.407079646,0.144329897,1.051282051,0.605882353,0.467836257,0.550458716,0.094420601,0.246031746,1.090909091,0.497222222,0.331034483,0.4375,0.427230047
4817,-0.126760563,-0.388888889,0.6,-0.125,-0.25,0.080357143,0.261538462,0.4,-0.162790698,-0.117647059,0.318584071,-0.05,-0.106382979,-0.111111111,-0.173913043,0.1,0.119617225,0.051546392,-0.047169811,-0.115646259,0.19047619,0.040871935,-0.122270742,-0.068441065,0.015625
4818,0.285714286,0.5,0,-0.6,-1,-0.174418605,-0.142857143,0.375,0.166666667,-0.428571429,0.2,-0.012987013,0,-0.25,-0.272727273,0.1875,0,0.407407407,-0.189189189,0.375,0.526315789,0.1,-0.162162162,0,-0.242857143
4819,0.556291391,0.368421053,0.142857143,0.125,1.5,0.251273345,0.101298701,0.288659794,0.354166667,1,0.327102804,0.097222222,0.282051282,-0.077464789,0.434210526,0.50212766,0.381118881,0.236421725,0.043771044,0.033519553,0.336,0.307692308,0.104575163,0.229832572,0.158590308
5901,0.561983471,-0.363636364,-0.142857143,-0.2,0,0.135076253,0.096153846,-0.01754386,0.045454545,-0.222222222,0.075812274,0.260623229,-0.023809524,-0.301587302,-0.173913043,-0.032786885,0.175732218,0.061068702,-0.266129032,-0.264150943,0.053846154,0.080254777,0.107344633,0.153846154,0.148351648
5903,0.257142857,-0.453125,-0.277777778,-1,inf,0.150519031,0.016666667,0.333333333,-0.484848485,-1,0.182352941,0.259776536,0.0125,0.069767442,-0.222222222,0.062256809,0.059957173,0.039370079,-0.119565217,-0.229166667,0.113989637,0.127853881,0.146131805,0.043478261,-0.06043956
5905,-0.027777778,-0.714285714,0.6,0,0,0.131498471,-0.029411765,-0.105263158,0,-1,0.036082474,0.139175258,0.064516129,-0.2,inf,0.141843972,0.109215017,-0.112676056,-0.105263158,-0.36,0.108910891,0.132762313,-0.019417476,-0.040178571,-0.174757282
5907,0.222222222,-0.49122807,-0.764705882,-1,0,0.106939704,0.314606742,-0.052631579,0.333333333,-0.444444444,0.110429448,0.006430868,0.02173913,-0.423728814,0.153846154,0.117824773,0.083443709,-0.149068323,-0.333333333,-0.476923077,0.201793722,0.109863673,0.162162162,0.070588235,-0.185430464
5909,0.396728016,-0.218604651,-0.123287671,-0.4,-0.4,0.166105499,0.242346939,0.188034188,-0.163522013,-0.151898734,0.218934911,0.129297459,0.072681704,-0.179738562,-0.050561798,0.08356546,0.133376289,0.126559715,0.058380414,0.071748879,0.007731959,0.127568493,0.135693215,0.143475572,0.219321149
5915,0.456874466,0.26151821,0.040421793,-0.32046332,-0.376712329,0.152745918,0.392045455,0.064593301,-0.086261981,-0.159509202,0.198808933,0.220338983,0.191454396,-0.00990753,-0.11335578,0.11787163,0.198011444,0.21488902,0.084817453,-0.024983563,0.119922342,0.190778321,0.230028418,0.181445102,0.19288458
5917,0.230921705,-0.022556391,-0.194444444,-0.137254902,0.384615385,0.16755236,0.250698975,0.096989967,-0.147239264,-0.108695652,0.097520661,0.113386613,0.054716981,-0.158878505,-0.05511811,0.103485255,0.142962146,0.087272727,-0.103833866,-0.236024845,0.004095563,0.136994568,0.144394619,0.109521681,0.224548049
5919,0.032967033,-0.309859155,-0.333333333,0,0,0.155993432,-0.024054983,-0.064102564,0.064516129,-0.052631579,0.369186047,0.261339093,0.008849558,-0.048387097,-0.488888889,0.209016393,0.164556962,0,-0.297142857,0.015384615,0.177142857,0.240927419,0.127982646,0.04048583,0.024291498
5921,0.448071217,0.059405941,0.357142857,-0.653846154,-0.285714286,0.177235772,0.225950783,-0.028571429,-0.303030303,-0.269230769,0.244530245,0.190279214,-0.013824885,-0.127118644,0,0.249042146,0.157770801,0.057228916,-0.16872428,-0.144067797,0.13283208,0.161758242,0.161592506,0.066666667,0.170263789
5923,-0.164835165,-0.387096774,inf,0,0,0.281632653,-0.160377358,0.12,-0.461538462,0,0.180722892,-0.026315789,-0.113636364,-0.16,1.375,0.213114754,0.13362069,-0.017241379,-0.073170732,-0.604166667,0.373493976,0.16953317,-0.009615385,-0.121212121,0.021978022
5924,,,,,,,,,,,,,,,,,,,,,,,,,
5926,,,,,,,,,,,,,,,,,,,,,,,,,
5927,0.45,-0.571428571,,,,0.144230769,-0.061538462,-0.294117647,-0.2,-1,0.243697479,-0.11409396,0.304347826,0,0.4,0.072916667,0.220125786,-0.256410256,-0.419354839,-0.090909091,-0.056338028,0.299651568,0.024793388,-0.159090909,-0.212121212
5929,0.383561644,-0.333333333,inf,,,0.193050193,0.213483146,0.210526316,0.4,-1,0.272727273,0.18079096,-0.361702128,-0.125,-0.222222222,0.327433628,0.307692308,-0.169230769,-0.431818182,-0.125,0.455696203,0.159090909,0.208333333,0.055555556,-0.191011236
5931,-0.112244898,-0.217391304,0.285714286,-0.416666667,inf,0.287128713,0.223404255,-0.256410256,0.538461538,-0.230769231,0.085427136,0.30952381,0.357142857,0.214285714,-0.25,0.085714286,0.038910506,0.289719626,0.233766234,-0.230769231,-0.243902439,0.180555556,0.335025381,0.460784314,0.405172414
5933,0.178571429,-0.359375,-0.258064516,-0.333333333,0.5,0.141039236,0.092165899,-0.081300813,-0.267605634,-0.222222222,0.102389078,0.056603774,0.062146893,-0.072164948,-0.125,0.258426966,0.149606299,0.087121212,-0.171171171,-0.205128205,0.164750958,0.12623926,0.142673522,0.062863795,0.002207506
5935,0.583629893,-0.269503546,-0.146341463,0,0.090909091,0.283618582,0.484063745,-0.032258065,0,0,0.126811594,0.200573066,0.208163265,-0.095238095,0.164556962,0.21509434,0.23372549,0.340236686,0.106896552,-0.226190476,0.139204545,0.19734252,0.241090147,0.155730534,0.223880597
5937,0.946902655,-0.029411765,0.363636364,-0.555555556,,0.036684783,0.11023622,0.172413793,-0.444444444,-0.2,0.220670391,0.175869121,-0.168067227,-0.03125,-0.166666667,0.139830508,0.07337884,-0.051282051,-0.015503876,-0.215909091,0.188679245,0.195740365,0.14922049,0.0234375,0.03986711
5939,0.65060241,0.172413793,-0.636363636,-1,inf,0.093959732,0.209459459,-0.12195122,-0.235294118,1,0.258333333,-0.033419023,-0.015384615,0.193548387,-0.59375,-0.059782609,0.151111111,0.183486239,-0.22826087,-0.633802817,-0.023809524,0.080581242,0.020761246,-0.052631579,0.1875
5941,-0.0625,-0.352941176,-0.071428571,-0.666666667,inf,0.167014614,-0.003952569,-0.15942029,-0.297297297,-0.4,0.316742081,0.084367246,0.285714286,-0.408450704,-0.35,0.161458333,0.164677804,-0.015503876,-0.266055046,-0.506666667,0.362318841,0.18240621,-0.008064516,-0.152334152,0.066666667
5943,0.303030303,-0.142857143,,-1,,0.230769231,0.32,-0.357142857,-0.166666667,-1,0.594594595,-0.036363636,-0.157894737,-0.307692308,-0.166666667,-0.229508197,0.037974684,-0.384615385,-0.592592593,-0.529411765,0.434782609,0.1,0.245283019,0.052631579,0
5945,0,,,,,-0.076923077,-0.2,,,,2.75,1.666666667,,,,1.666666667,-0.230769231,-0.5,inf,,-0.142857143,0.294117647,0.666666667,0.142857143,inf
5947,-0.137931034,-0.5,-1,,,0.030075188,-0.090909091,-0.192307692,-0.2,-0.2,0.139240506,0.183333333,-0.30952381,0.235294118,-0.133333333,-0.207317073,-0.041666667,-0.066666667,-0.41025641,0.714285714,-0.033333333,0.034146341,0.046296296,-0.101851852,-0.233766234
5949,-0.078651685,-0.647058824,-0.333333333,-1,-1,0.261538462,0.066037736,-0.285714286,-0.392857143,-0.5,0.368,0.159763314,-0.042553191,0.2,-0.142857143,-0.109589041,0.086124402,-0.098765432,-0.328125,-0.458333333,0.128571429,0.065868263,0.274390244,-0.105042017,0
5951,-0.194444444,-0.130434783,-0.333333333,,-1,0.091666667,0.04137931,-0.210526316,-0.227272727,-0.3,0.355371901,0.081521739,-0.127272727,0,-0.275862069,0,0.178899083,-0.166666667,-0.186046512,-0.171428571,0.396226415,0.167567568,0.117318436,-0.092050209,-0.138554217
5953,0.105263158,-0.412371134,-0.25,-0.611111111,-0.25,0.129133858,-0.082706767,-0.179104478,0.113207547,-0.228571429,0.380829016,0.236486486,-0.251308901,-0.159574468,-0.140350877,0.051515152,0.187931034,0.024896266,-0.136986301,-0.03,0.190184049,0.115758755,0.044628099,-0.028169014,-0.022670025
5955,0.495726496,0.025641026,0.4375,-0.6,0,0.017766497,-0.068493151,0.015873016,0.142857143,0.272727273,0.101214575,0.182170543,0.122222222,0.160714286,-0.211538462,0.214285714,0.015463918,0.011764706,0.067669173,0.075,-0.06870229,0.089965398,0.153374233,-0.002493766,0
5957,-0.5,inf,,,,2,-1,,,,-0.2,inf,,,,-0.5,inf,,,-1,,0.333333333,-0.5,,0.5
5959,0.5,inf,,,,0.269230769,0,-1,0.75,,-0.368421053,-0.08,0.333333333,-0.428571429,-0.625,0,-0.205128205,-0.321428571,-0.1875,-0.25,1.428571429,0.282608696,-0.212121212,-0.244444444,-0.130434783
6001,0.459770115,0,0.166666667,-0.5,inf,0.329268293,0.148148148,0.055555556,0.066666667,-0.125,0.271084337,0.278571429,0.038461538,-0.172413793,-0.066666667,0.308270677,0.395348837,0.441176471,-0.051724138,-0.066666667,0.096385542,0.279761905,0.123222749,0.261904762,0.280701754
6101,,,,,,,,,,,,,,,,,,,,,,,,,
6102,,,,,,,,,,,,,,,,,,,,,,,,,
6103,,,,,,,,,,,,,,,,,,,,,,,,,
6104,,,,,,,,,,,,,,,,,,,,,,,,,
6105,,,,,,,,,,,,,,,,,,,,,,,,,
6106,-0.292682927,-0.638297872,-0.1875,-0.333333333,-1,-0.4453125,-0.415730337,-0.5,-0.470588235,-0.476190476,0.121212121,-0.194174757,-0.519480519,-0.342105263,-0.682926829,-0.241758242,-0.223602484,-0.280373832,-0.275,-0.47826087,-0.581395349,-0.324894515,-0.194117647,-0.311111111,-0.467065868
6204,0.424242424,0.25,0.5,0,-1,0.264705882,0.307692308,0.285714286,0,0.304347826,0.612903226,0.111111111,0.035714286,-0.111111111,0.30952381,0.405405405,0.5,0.36,0.222222222,0.087719298,0.171428571,0.341772152,0.470588235,0.307692308,0.127819549
6205,0.238095238,0.8,0.666666667,-1,-1,-0.058823529,0.384615385,0.416666667,0.666666667,0.1875,0.428571429,0.25,0.2,-0.071428571,0.24137931,0.777777778,1,0.625,0,0.225806452,0.411764706,0.225806452,0.19047619,0.448275862,0.2125
6208,0.111111111,0,0,inf,,-0.384615385,0.444444444,0.545454545,0.714285714,-0.25,0,0.5,-0.1,0.444444444,0.277777778,0.142857143,1.666666667,-0.25,-0.1,0.074074074,0.6,0.272727273,0.727272727,0.235294118,0.208333333
