Geo_Code,2026 Projected 1pp HH with income 20% or under of area median household income (AMHI),2026 Projected 2pp HH with income 20% or under of area median household income (AMHI),2026 Projected 3pp HH with income 20% or under of area median household income (AMHI),2026 Projected 4pp HH with income 20% or under of area median household income (AMHI),2026 Projected 5pp HH with income 20% or under of area median household income (AMHI),2026 Projected 1pp HH with income 21% to 50% of AMHI,2026 Projected 2pp HH with income 21% to 50% of AMHI,2026 Projected 3pp HH with income 21% to 50% of AMHI,2026 Projected 4pp HH with income 21% to 50% of AMHI,2026 Projected 5pp HH with income 21% to 50% of AMHI,2026 Projected 1pp HH with income 51% to 80% of AMHI,2026 Projected 2pp HH with income 51% to 80% of AMHI,2026 Projected 3pp HH with income 51% to 80% of AMHI,2026 Projected 4pp HH with income 51% to 80% of AMHI,2026 Projected 5pp HH with income 51% to 80% of AMHI,2026 Projected 1pp HH with income 81% to 120% of AMHI,2026 Projected 2pp HH with income 81% to 120% of AMHI,2026 Projected 3pp HH with income 81% to 120% of AMHI,2026 Projected 4pp HH with income 81% to 120% of AMHI,2026 Projected 5pp HH with income 81% to 120% of AMHI,2026 Projected 1pp HH with income 121% or over of AMHI,2026 Projected 2pp HH with income 121% or over of AMHI,2026 Projected 3pp HH with income 121% or over of AMHI,2026 Projected 4pp HH with income 121% or over of AMHI,2026 Projected 5pp HH with income 121% or over of AMHI
1001,5983.764805,643.2160804,144.4776119,38.40909091,57.85714286,15871.30435,7773.609057,1522.058824,513.9802632,107.1428571,8048.904185,10894.02415,2470.791016,838.1632653,262.295082,4632.968,12905.56818,3607.220464,1805.642633,798.3505155,4141.56962,21743.86681,13051.40496,12642.99022,3711.743792
1002,235.1020408,13.61111111,31.25,,,1330.19774,1054.072165,51.57142857,3.214285714,,270.75,1084.235294,166.8965517,33.61111111,57.85714286,292.5,692.5739645,98.35106383,71.11111111,40.17857143,532.8947368,1883.102564,1022.177419,666.6959064,144.6428571
1003,153.8461538,7.272727273,0,,,1283.875969,476.6949153,9.473684211,0,,168.0909091,702.5632911,95.56818182,30,20.83333333,320.3333333,792.8928571,105.2173913,41.28571429,30.625,101.25,1451.022727,813.5877863,403.5294118,71.27272727
1004,82.43902439,12,0,,,1849.438503,316.7123288,37.05128205,22.5,0,889.2307692,897.9856115,191.0227273,57.8,10.41666667,592.1111111,1205.827586,175.6626506,91.83673469,12.25,781.0714286,2011.338028,885.748503,585.7284768,171.2037037
1005,507.9365079,65.68181818,9.615384615,0,,3080.017544,1157.108434,118.3606557,46.66666667,5.625,1584.375,1906.215385,302.7840909,78.125,9.615384615,998.4415584,2284.875389,446.4685315,165.375,66.81818182,701.779661,3192.517986,2108.738872,1777.067308,616.3333333
1006,732.9661017,33.08823529,15.625,,,2522.913386,1218.75,107.037037,38.79310345,0,1128.96,2001.621622,221.4880952,33.08823529,51.42857143,1122.04918,2123.628159,390.5084746,158.2272727,82.28571429,659.2156863,3471.347607,1899.147157,1652.246377,480.0510204
1007,164.8507463,21.81818182,0,0,,2112.438596,1024.822695,102.2727273,26.66666667,,928.8942308,1823.832237,192.3076923,39.05405405,45.45454545,740.5128205,1913.059006,307.8205128,148.5714286,96.8,781.25,3045.014205,1515.847751,1103.603448,344.047619
1008,290.0892857,6.805555556,0,,,2444.476534,999.4594595,38.57142857,44.47368421,,816.1818182,2635.21978,209.6987952,28.44444444,12.89473684,588.6486486,1572.779221,350.7967033,101.6260163,47.64705882,371.6129032,3990.3125,1419.55836,953.4727273,401.3888889
1009,76.92307692,10,0,,,945.7284768,662.6056338,33.33333333,0,,461.1764706,604.9382716,138.3783784,12.25,0,173.5714286,785.1242236,204.5454545,31.95652174,13.33333333,240.4545455,1642.5,499.2207792,585.64,122.2641509
1010,541.6666667,26.66666667,inf,,,606.1734694,1020.227273,71.17647059,51.2,31.25,325,523.3196721,186.5671642,123.2051282,51.13636364,669.6428571,886.0909091,460.4591837,406.0958904,175.6451613,135,1498.314286,1010.612903,732.2316384,222.5342466
1011,9,22.5,,,,100.8333333,83.33333333,49,10,6.666666667,41.66666667,40,25,31.25,45,26.66666667,101.25,30.625,30,40,40,102.2727273,93.75,162,64
1101,60.95238095,20,,,,1024.700599,230.1136364,16,20,,538.5164835,710.7281553,135.1724138,23.26923077,15,498.7777778,760.1351351,182.7027027,191.0227273,15.92105263,304.2,1515.9375,633.75,437.1428571,279.3877551
1102,1202.601626,109.7560976,451.25,112.5,,4429.210084,1440.219512,478.1451613,342.25,65.45454545,3277.448071,2819.737443,769.6183206,204.7647059,109.7560976,2317.714286,4436.64486,946.6932271,642.8571429,269.1414141,1004.93865,6875.929936,3159.339623,3296.32216,1550.827703
1103,265.3508772,44.47368421,0,0,,2732.820513,758.0327869,104.1666667,20,,1630.248756,1661.289809,375.0684932,93.44444444,125,1178.77551,2057.955801,600.0310559,265.2631579,95.29411765,270,3908.096927,1411.23053,1381.955836,786.8085106
1201,233.4722222,10,,,,826.1764706,451.0227273,45,0,,472.8030303,412.8571429,160.7142857,75.625,16,312.5,759.6899225,75.078125,48.4,6.666666667,380.862069,1445.680628,460.4918033,352.1904762,155.2040816
1202,200.8181818,25.3125,0,0,,1476.214286,568.1818182,71.11111111,20,,1153.153153,1022.177419,168.0909091,22.40740741,22.85714286,511.3586957,1095.598086,168.6021505,103.7121212,20.83333333,627.826087,2155.37415,965.1015228,726.1306533,352.9166667
1203,261.6216216,40.5,,,,1312.81768,97.23214286,50,6.428571429,,607.5,1003.58209,55.10416667,41.66666667,61.25,448.852459,771.3659794,120.3333333,28.44444444,16.84210526,343.2653061,2027.008547,648.3557047,424.0384615,160.3636364
1204,293.8888889,0,,,,836.1797753,44.83050847,55,41.66666667,,310,477.1686747,137.8125,55,,280.1666667,709.3888889,54.6969697,15.625,0,245.3225806,1172.077922,233.8020833,236.8421053,145.1851852
1205,207.4509804,31.25,inf,,,950.625,219.2028986,98.46153846,83.33333333,inf,925.7142857,942.1656051,201.6666667,51.60714286,17.85714286,555.1807229,1075.268817,163.3333333,181.5,41.66666667,502.6086957,2423.722397,531.4942529,308.9051095,239.0163934
1206,663.0612245,51.28205128,12.5,inf,,2661.728538,821.1842105,195,17.5,inf,2151.864407,2228.099274,290.304878,97.96610169,38.46153846,1111.842105,2627.220812,520.2903226,171.6326531,160.7142857,1013.513514,5125.744048,1622.168022,1306.645367,444.8529412
1207,1308.164063,66.81818182,18.84615385,0,,2857.294239,1122.45098,147.6923077,64.51612903,17.85714286,2238.819742,2609.063291,363.9112903,138.7951807,45.125,1608.901099,2909.882979,800.2710843,324.6402878,305.0793651,872.0930233,5350.077574,2231.034913,2035.756501,832.5952381
1208,486.5789474,80,25.71428571,,,2076.446429,978.1164384,102.2727273,124.6153846,20,1613.023256,1564.981132,437.5757576,150.6976744,89.62962963,855.4022989,2049.072327,536.4015152,237.16,104.4897959,396.9,3057.622951,1701.245487,1789.350649,601.6666667
1209,8778.115502,1658.223684,650.6542056,186.5671642,160.952381,19617.75157,7500.489209,2280.010917,849.9746193,455.0537634,15280.15683,13394.34438,2880.909774,1281.856796,907.5,11406.12845,19024.82739,5776.538845,2695.356105,1420.661765,5810.005869,33691.85297,17240.33149,15313.56229,6571.626106
1210,655.3723404,150.7692308,13.33333333,41.66666667,,2847.043956,866.5408805,162,73.63636364,13.84615385,2026.176471,2035.926518,328.1818182,133.1521739,64,1306.666667,2235.044346,465.6122449,269.0086207,105.6034483,1075.57377,4500.844595,1921.671271,1459.835165,830.1234568
1211,493.4210526,16.33333333,13.33333333,,,2193.956229,352.9166667,85.26315789,21.73913043,40,975.104712,1182.827103,166.4150943,83.33333333,86.53846154,886.2844037,1350.638298,305.6185567,78.76923077,92.90322581,335.5376344,2924.387309,1032.212389,680.625,331.3636364
1212,837.2093023,50.625,8,,,2460.375,574.829932,108.9361702,35.58823529,25.71428571,1171.46789,1762.032374,242,155.2040816,56.25,1342.281879,2021.32948,460.3539823,149.3333333,74.4047619,951.6071429,3551.441821,1545.747126,1425.089552,568.0285714
1213,142.8571429,0,,,,511.3586957,72.2,0,inf,,209.4545455,370.5625,60.35714286,inf,inf,150.7692308,341.6025641,53.57142857,16,4.5,122.5,836.0305344,222.5342466,112.2131148,105.625
1214,134.2156863,50,0,,,1377.717391,476.6949153,50.41666667,35,,612.5625,682.7522936,222.6086957,37.89473684,60,592.1111111,645.1503759,220.4237288,125.6521739,72.25,575.5128205,1773.944099,708.2926829,640.9057971,320.1904762
1215,205.1162791,29.09090909,0,,,1166.582278,145.6382979,93.88888889,35.55555556,0,379.6078431,595.9689922,66.81818182,10.41666667,22.5,401.5686275,723.6445783,200.1315789,54.05405405,28.80952381,330.6521739,1495.111111,480.5714286,496.8145161,243.9673913
1216,243,0,0,,,382.2727273,142.0454545,101.25,0,,726,295.1807229,27,0,,182.826087,462.25,48.16666667,46.94444444,0,81,860.9633028,300.2597403,311.1428571,77.79411765
1217,2662.521008,251.0227273,31.25,10.41666667,0,5360.331633,987.8421053,290.6578947,104.4565217,35.58823529,3048.596987,4152.034483,642.3796791,246.6483516,84.90566038,2256.064516,3907.058824,1006.254296,300.5121951,225.5113636,1725.654008,7787.758186,3862.273782,2698.611825,1196.503759
1218,23.80952381,,,,,411.7361111,120.2272727,,,,428.75,225.8823529,35.55555556,0,,135.2,334.7115385,58.82352941,31.84210526,20.83333333,111.1538462,662.4193548,186.1538462,160,76.03448276
1301,1675.502092,154.7368421,33.79310345,16,inf,4166.740859,1077.897527,484,84.70588235,16.36363636,2688.595133,2309.267139,548.1521739,340.7258065,116.3636364,2147.352071,2810.080935,801.980198,260.620155,198.5294118,1590.746269,6105.344296,3192.79896,2188.452158,961
1302,518.5714286,13.33333333,9,,,1473.04721,501.7361111,130,75.625,8.888888889,765.5517241,870.1123596,142.6041667,68.96551724,20,652.8021978,1279.317181,340.3125,230.8653846,71.42857143,248.6428571,2139.648094,911.7209302,603.7735849,342.9878049
1303,185.1282051,33.75,0,0,,991.380597,316.1267606,135.8695652,16.36363636,inf,1267.5,933.6890244,210.1136364,73.47222222,33.75,759.1891892,1804.623116,660.15625,465.4545455,227.1621622,129.7058824,1915.683962,1209.767442,885.461165,425.2469136
1304,261.3333333,0,,,,606.1261261,99.41176471,22.27272727,,,390.0625,440.5487805,80.35714286,106.6666667,31.25,272.8409091,484.3103448,74.4047619,35.58823529,2.5,240.25,1231.843575,291.4935065,191.1176471,140.8333333
1305,770.6666667,201.3235294,51.57894737,17.85714286,0,2926.543367,1595.464135,222.2277228,208.9130435,85,2068.102564,2865.533643,520.7142857,212.1100917,159.1860465,951.5853659,3833.058252,1169.082126,705.483871,281.25,627.2666667,4389.775748,2503.72549,2761.054007,1290.52901
1306,124.8780488,19.23076923,41.66666667,,,1578.850267,518.6781609,70.43478261,60.35714286,inf,1529.661017,1147.755682,210.6140351,166.6666667,38.46153846,899.0677966,1941.636029,393.4042553,226.1176471,61.25,228.5714286,2395.912548,1091.20098,1166.883721,457.3333333
1307,2368.821752,285.0480769,84.70588235,15.3125,inf,8432.941176,2580.462264,766.7625899,318.5294118,34.09090909,6454.007576,6412.990919,1116.942308,536.0683761,230.4761905,4422.704485,8395.740072,2283.387097,963.9889706,696.0526316,2668.446215,12315.27094,6209.90099,6020.175268,2211.184834
1308,245.0980392,14.41176471,16,,,1376.575875,556.875,33.61111111,53.33333333,,1182.290076,1426.886792,143.490566,36.29032258,inf,596.4516129,1831.872792,311.2962963,140.0757576,48.91304348,247.2058824,2547.707101,1136.016598,789.8630137,353.7209302
1309,450.8163265,66.81818182,0,0,,2802.371968,722.5,111.122449,42.35294118,49,1173.22335,1886.601796,256.8888889,121.9047619,147.2727273,1041.666667,2083.333333,427.3728814,160.387931,31.15384615,631.2328767,3766.223404,1735.35014,1248.051948,515.5029586
1310,1914.725275,189.0625,236.8421053,270,inf,4562.643857,2021.32948,474.1463415,235,142.3529412,3253.112033,3279.863481,772.8735632,445.0549451,337.8378378,2659.090909,4912.906805,1456.163636,777.721519,376.4705882,1574.671362,8460.325497,3682.436102,3689.196697,1340.918033
1311,280.0925926,40,0,,,1258.029557,410.0625,62.82608696,22.85714286,0,792,853.1510417,195.9259259,69.42307692,120.4166667,574.0833333,1161.728723,300.0595238,169.2168675,133.4722222,315.5714286,2035.693431,1073.072626,725.1578947,411.4285714
1312,152.1052632,33.75,,0,,1069.491018,275.3389831,11.13636364,0,,831.875,708.2926829,146.2857143,27.5,36.81818182,327.2727273,877.0125786,235.1020408,58.77777778,64,322.6666667,1687.889344,528.3955224,551.25,173.4
1313,589.3888889,16.2,0,0,,2253.884892,397.6470588,53.08823529,31.15384615,,990.2205882,1573.065217,225.4081633,40.83333333,24.5,807.815534,1743.823529,242.4568966,73.60215054,78.47826087,604.2982456,2659.864865,1233.373702,1245.176471,268.8888889
1314,343.0612245,14.46428571,0,,,1750.679443,302.238806,75.625,17.85714286,,1631.488764,1264.257426,155.7692308,41.29032258,71.42857143,965.2608696,1632.017544,267.8571429,185.6140351,42.60869565,462.0422535,2961.601942,1173.018182,825.8426966,198.1443299
1315,1261.355932,55.40983607,7.2,0,0,5356.920684,932.038835,76.19047619,49.82758621,5.714285714,3531.267361,3980.627178,507.3051948,121.2121212,90.25,1858.037383,4363.211921,854.1137124,257.4107143,70,1418.439716,7020.354374,3949.013158,2442.563898,977.7880184
2401,111.1111111,8,,,,952.8244275,186.7777778,0,0,,745.5681818,466.2135922,72.2,0,,277.6923077,739.6982759,132.6027397,20.57142857,0,120.4166667,1576.875,656.0330579,477.8828829,143.2894737
2402,100.8064516,0,,,,1316.25,138.8461538,27.22222222,0,,1035.46875,716.5605096,74.07407407,50.41666667,0,546.75,825.1242236,212.2560976,64.46428571,9.473684211,369.2045455,1668.681592,748.8043478,451.4925373,260.3571429
2403,165.1428571,inf,0,,,1377.792208,260.9782609,21.33333333,0,,1268.175676,634.0880503,37.69230769,7.352941176,36,190.5555556,864.0333333,171.2328767,35.55555556,55,289.8275862,1641.25641,795.0310559,566.0204082,215.9183673
2404,47.40740741,0,0,,,1355.088496,137.6190476,0,,,421.3297872,503.8095238,106.1764706,61.25,0,270.9375,525.7079646,72.6744186,38.46153846,11.42857143,225.625,1157.051282,374.7029703,235.4022989,121.9047619
2405,166.6666667,0,,,,1491.456044,91.83673469,31.25,0,,720.4736842,958.6267606,66.81818182,46.53846154,inf,365.7142857,1047.091503,229.1666667,48.7804878,23.82352941,190.5882353,1552.800926,715.1438849,700.6060606,137.8125
2406,163.3333333,0,,,,1029.612676,195.1219512,11.42857143,,,645.4477612,670.4504505,12.8,16,0,209.7580645,616.6216216,134.7368421,35.58823529,13.33333333,462.8571429,1068.047337,427.4747475,371.559633,226.1538462
2407,85.81632653,0,0,,,1585.97561,114.0833333,29.09090909,13.88888889,,1013.023256,950.4135338,39.2,45,,528.0666667,924.5,71.22093023,26.66666667,2.045454545,378.125,1504.834123,687.6446281,555.9210526,302.4691358
2408,120.3333333,12.85714286,,,,1729.089219,230,10.41666667,,,1395.351563,758.5641026,45,12.85714286,0,810,1024.747191,119.1891892,49.09090909,20,432.6923077,2316.015625,865.972973,593.0588235,270.3448276
2409,123.6764706,7.272727273,,,,1355.378151,168.75,15.625,0,,871.9736842,883.4033613,25.71428571,9.615384615,0,751.2804878,733.0120482,128.8983051,20.11904762,55.65217391,270.4,1397.576419,592.3880597,620.6060606,335.0769231
2410,713.2571429,21.66666667,0,,,4269.710392,512.1290323,81.66666667,22.5,0,3887.57622,2060.808081,269.4736842,24.14285714,13.33333333,2456.524664,3321.867322,538.2720588,229.691358,110.2083333,1089.829932,5804.090909,1977.732068,2110.303398,1054.904459
2411,23.80952381,0,,,,720.4285714,36.29032258,0,,,429.8245614,468.6428571,30.625,0,,409.0909091,415.0617284,46.66666667,16.36363636,7.272727273,208.9130435,890.6640625,194.4,216.0769231,116.5517241
2412,211.8918919,0,0,,,2837.253731,432.6126126,120.3333333,61.25,,1844.57346,1376.235521,60,14.54545455,16,814.3214286,1932.290909,264.9541284,91.74603175,54,586.984127,2660.67217,1354.049587,1453.130252,555.173913
2413,165.1612903,0,,,,1443.097166,180.1315789,9.615384615,inf,,1011.24,625.9090909,72.2,60,20,465.472973,1396.882022,118.828125,57.5,160.7142857,190,1898.469388,483.3060109,560.4848485,180.0595238
2414,71.47058824,0,0,,,1724.631579,178.8297872,13.88888889,,,892.8571429,880,21.17647059,4,0,537.202381,1176.030303,214.2857143,37.6744186,44.47368421,270.9375,1661.59751,875.3956835,636.744186,327.0348837
2415,140.1923077,0,,,,1204.94152,127.0588235,33.75,0,,733.3950617,786.5,97.96296296,0,,306.509434,921.6141732,172.8571429,23.47222222,4.210526316,460,1287.234043,508.3680556,585.64,312.1111111
2416,59.21052632,0,,,,1060.960265,94.46428571,,,,549.6103896,480.7692308,18.40909091,0,,680.5555556,850.4326923,162.9761905,62.24137931,14.41176471,130,1078.34507,487.2072072,466.2135922,191.0227273
2417,32.4,0,0,,,1350.216346,77.55319149,13.33333333,inf,,953.4020619,715.0344828,31.30434783,15.625,0,821.4,1037.384106,129.3076923,32,21.33333333,427.8125,1574.40367,497.6644737,465.6690141,366.984127
2418,133.7037037,2.222222222,0,,,1684.923077,171.6101695,40,,,1360.503145,896.4848485,76.05263158,15,0,880.7619048,863.2692308,265.3508772,78.4,11.66666667,476.2790698,2456.124031,609.7715736,785.326087,380.0675676
2419,246.4102564,2.580645161,0,0,,2373.333333,455.4639175,41.66666667,0,0,1991.803279,1618.755274,256.8604651,57.64705882,6.944444444,1280.761905,2174.294118,396.7431193,136.3580247,107.8205128,364.8039216,2964.64939,1205.191489,1742.041199,925.0416667
2420,31.25,,,,,310,122.5,,,,213.3333333,556.8181818,57.85714286,13.33333333,,135,232.6923077,144,31.84210526,64,106.6666667,686.5053763,166.6666667,177.7777778,132.25
2421,293.9130435,21.33333333,0,0,,2115.244565,417.5352113,105.625,0,,1342.894737,1655.152439,100,55.57692308,25,819.3939394,1795.6,452.3076923,235.8490566,85.26315789,394.0540541,1951.534091,980.9782609,1802.122905,711.1392405
2422,605,14.54545455,8.888888889,11.25,,1832.105263,1004.090909,241.4285714,45.71428571,,1783.492063,2222.717391,574.0833333,220.1086957,112.8125,527.3780488,2682.426471,1138.473054,1367.424242,491.2790698,163.3333333,2155.826613,1739.375,3814.534884,1660.523256
2423,6226.393855,309.8333333,66.49350649,100,105.625,43266.93706,4973.16888,753.3333333,206.6556291,86.78571429,37395.65943,20148.87656,2525.451977,830.6156716,384.16,24618.19535,29138.12353,6098.451868,2749.383117,1393.353175,11011.01291,52273.08435,22177.87354,23614.72933,9584.469119
2425,1462.278481,62.5,4.032258065,0,inf,9312.639569,2162.130435,242.0121951,21.125,4.5,7788.242731,5920.200893,872.7511962,187.7586207,63.68421053,3500.9689,10020.66532,1709.917012,760.5555556,344.0454545,1696.148148,9768.632959,5290.156093,8287.46134,3308.153153
2426,324,6.578947368,,,,2044.482759,862.5742574,108.8888889,0,,2089.349315,1391.493213,262.9761905,85.95238095,15,782.961165,2300.60166,616.6216216,435.2409639,170,156.2162162,2342.326923,1176.461187,1845.069444,967.2014925
2427,80,0,,,,1240.818713,176.8604651,0,inf,,1091.363636,864.8648649,66.66666667,20.83333333,0,551.4705882,832.1333333,114.0833333,127.6041667,67.5,191.1363636,1423.529412,595.9689922,626.2111801,530.8333333
2428,175.2083333,4.090909091,,,,907.0351759,59.02439024,15.625,0,,860.9633028,625.6015038,75.29411765,17.85714286,0,546.75,969.1455696,166.1538462,46.61290323,0,226.875,1636.363636,427.2014925,593.590604,316.7123288
2429,376.36,13.88888889,0,0,,4441.760417,334.6969697,38.40909091,6.666666667,0,2337.933754,2242.236025,212.9113924,14.28571429,45,2090.583756,2400.053908,458.8439306,224.7706422,108.9361702,847.5675676,4888.984526,1919.668588,2453.594132,1145.570776
2430,264.5,8.888888889,0,,,1231.391304,270.0892857,40,0,,917.3966942,855.4469274,55.65217391,9.473684211,0,696.0526316,1222.222222,157.9605263,106.7777778,148.8095238,502.9761905,1733.91635,576.9536424,528.125,525.952381
2431,288.2352941,22.72727273,0,,,3617.600423,132.5490196,16.2,0,,2084.473684,2087.361564,70,44.47368421,4.5,1476.837209,1953.802817,379.3548387,102.7702703,51.2,947.7631579,4303.429542,1226.963746,1291.758065,690.0367647
2432,147.2727273,0,0,,,1536.363636,147.2727273,15.625,,,1289.127517,920.1111111,37.64705882,4.705882353,0,879.5930233,1390.321782,184.0833333,81.66666667,36,439.0540541,1642.335766,775.1324503,957.3410405,490.05
2433,308.6734694,4.210526316,0,,,2173.913043,424.9180328,30.625,0,,1699.394904,1404.878049,151.25,27,inf,937.5609756,2026.755556,440.4787234,235.5063291,73.47826087,382.5,2285.124113,1259.064171,1421.456311,732.1904762
2434,520.8333333,16.875,0,,,3617.45155,605,26.30434783,20.83333333,,2730.529661,2587.200557,208,64.85294118,35.55555556,1586.925287,3189.193548,687.6446281,260.1801802,150,820.4878049,4315.271454,2199.67655,2582.826087,1103.133803
2435,49.09090909,0,,,,923.4768212,29.6969697,8,,,823.3139535,797.1938776,22.27272727,0,,532.9,725.9259259,110.2083333,14.54545455,0,245,1281.81592,394.4642857,322.3684211,165.5405405
2436,285.1212121,12.30769231,0,,,4812.46114,550.0446429,21.17647059,0,0,2559.906166,1450,182.2289157,55.57692308,31.25,2831.003521,2396.582418,280.7017544,71.91489362,29.13793103,1095.869565,5337.04729,1742.407407,1229.972299,600.9615385
2437,1717.041667,118.3606557,7.2,inf,inf,12894.81481,1375.818777,205.9174312,24,35,8671.731207,5686.420824,766.7326733,153,145.6060606,6391.264045,8153.006244,1655.138462,618.7570621,176.1797753,3170.898577,15080.2914,5288.36425,5263.956186,2841.18984
2438,131.1206897,11.36363636,0,,,1690,176.4,11.42857143,6.428571429,0,947.9292929,816.192053,57.85714286,55,20,736.7361111,1260.038462,345.6382979,100.8333333,60.20833333,440.8333333,1814.178404,685.037037,735,316.4545455
2439,756.25,27.22222222,0,,,5294.614792,800.2710843,115.2941176,22.27272727,0,3394.396552,3407.356195,221.4880952,26.1627907,12.89473684,2745.487365,3410.645472,727.4226804,304.4604317,157.8082192,1103.053435,6275.711514,2518.88172,2991.712707,1677.607759
2440,110.7692308,3.75,,,,846.7297297,194.4642857,0,0,,777.7840909,314.7126437,65.45454545,81,0,503.3064516,670.3144654,105.9459459,73.5,33.75,298.5135135,1416.128319,421.3297872,234.1935484,346.6666667
2441,150.15625,12.85714286,,,,1582.272727,217.3584906,20,0,0,1211.261682,1017.529412,120.7142857,86.53846154,13.88888889,450.212766,1141.441176,198.8235294,78.76923077,18.90625,259.6153846,1675.298805,828.3955224,808.5460993,605.7692308
2442,275.3389831,6.578947368,0,,,1811.160338,445.2352941,73.63636364,22.27272727,0,1234.567901,1304.768041,142.4418605,45.71428571,8.928571429,678.4615385,2185.806452,313.9130435,312.1111111,80.66666667,318.5294118,1973.535912,1035.40201,1243.806306,732.05
2443,2560.086873,171.875,54.44444444,inf,inf,12991.22846,1409.388021,279.6698113,73.84615385,70,7598.670412,6002.586002,586.8809524,278.4090909,82.45098039,7040.701262,6983.954104,1745.234604,551.7241379,356.3636364,3292.920354,14217.73198,5726.999093,7260.434588,3629.302326
2444,42.63157895,0,,,,1159.29878,80.86538462,0,0,,934.1414141,857.1804511,137.8125,37.8125,7.272727273,760.5,862.0895522,157.7857143,85.2173913,82.04545455,151.875,1416.421053,725.2830189,585.0434783,315.3723404
2445,613.0188679,69.42307692,0,,,3681.792873,746.3138686,120.1428571,15,inf,2453.406593,2654.233129,236.328125,125.6896552,28.92857143,1367.914798,2797.764045,605.7079646,317.202381,197.5510204,998.6363636,5416.29056,1495.859649,1617.009967,913.590604
2446,817.1904762,48.78378378,20,0,,4316.691489,1044.565217,135.1724138,5.714285714,,3361.111111,2429.190751,446.4285714,207.4242424,67.36842105,2405.710227,3499.587766,615.0413223,431.3020833,326.6666667,1249.032258,6964.661157,2097.60274,2251.210191,1218.232044
2447,763.494898,21.22641509,6.666666667,,,6499.342604,918.0639098,187.6595745,10.66666667,0,4396.257089,3894.922481,390.4065041,192.3076923,26.75925926,3146.896552,4574.420063,805.4323308,381.6743119,232.7272727,1492.914692,6980.73741,2733.028169,3373.488924,2294.007491
2448,108.8888889,0,,,,1095.703704,82.23684211,0,0,,478.0246914,477.8828829,67.36842105,25.71428571,inf,586.984127,900.3461538,104.4565217,187.5,18.82352941,145.8,1292.42236,418.8461538,501.6071429,401.5686275
2449,890.9727626,49,0,,inf,8698.156484,1384.55814,125.4477612,7.65625,4.090909091,4211.079077,4465.2,448.1707317,144.6428571,99.31034483,3945.405728,4895.069532,1330.076336,636.294964,199.2924528,1593.75576,8512.212544,3836.069869,4473.786863,2636.081967
2450,194.7115385,10.41666667,,,,1732.099057,181.8181818,29.41176471,16,,883.2720588,1100.138889,27.25806452,46.94444444,0,836.6901408,946.5609756,218.2727273,88.23529412,49.23076923,316.9565217,1768.536122,749.1618497,825.8064516,489.6268657
2451,192.3076923,12.8,0,,,2374.075521,427.6818182,51.2,0,,1976.862745,1396.21673,133.4210526,58.82352941,11.42857143,1192.112676,2242.119205,337.6960784,162.1929825,125,881.6666667,3336.711111,1223.154362,1241.212121,603.9705882
2452,256,5.454545455,0,0,,2912.066667,590.9765625,60.60606061,35.71428571,13.33333333,1877.232143,1623.552124,316.7123288,82.43902439,46.94444444,1036.740506,2921.753623,507.65625,295.1807229,124.4545455,691.2765957,3103.856838,1615.017361,1470.875,878.90625
2453,685.0359712,3.80952381,0,0,,4131.191756,541.2416107,185.6060606,6.578947368,5.625,2379.664311,2066.8509,192.3076923,54.05405405,40.5,1889.876847,2941.176471,466.7045455,280.0862069,45.71428571,1236.484848,5020.991501,1564.716776,1615.524862,795.24
2454,762.5225225,17.60416667,20.83333333,0,,6158.689024,1060.355191,163.3333333,7.903225806,,4577.847358,3130.031847,451.7647059,180,49,3326.447368,3879.824305,1070.36036,570.6129032,335.0724638,1920,7063.233301,2718.448845,3310.381356,1882.969799
2455,340.3125,6.25,,0,,2134.112554,390.9734513,77.14285714,18,0,1820.130719,1720.227273,197.0454545,120.7142857,45.71428571,1269.450549,1850.513834,554.4021739,204.5876289,123.75,431.0344828,2607.284345,1586.864035,2035.803571,885.6147541
2456,1074.635854,52.96610169,0,,,8413.464361,1393.392857,312.5,53.08823529,20.41666667,5397.069847,4733.436693,698.3701657,207.654321,115.7407407,3071.878173,6080.610501,1421.19195,707.2321429,304.8230088,1233.243243,8368.038741,4423.747002,5514.066125,2833.187204
2457,1377.8,66.44067797,3.2,10.41666667,,6024.957567,2339.207459,427.4747475,212.3529412,30.625,4725.436893,5289.355322,1438.067633,391.409396,231.4285714,2520,7051.174497,2459.618138,1279.180328,584.384058,1230.561798,6724.008307,4414.944675,7691.746385,3143.213429
2458,4976.241901,500.2083333,234.7222222,186.4516129,93.88888889,23418.01747,6170.20082,1264.207792,329.0625,141.2352941,18359.31158,12911.86362,3806.550079,1616.808252,659.2344498,12831.85494,18002.93881,5770.950169,3830.426667,2329.653333,7624.15883,28582.40018,15380.98147,17258.33495,9100.003506
2459,610.0416667,106.6666667,3.461538462,6.666666667,,4072.5,1856.577869,154.3209877,111.1111111,0,2969.613734,3127.578829,613.4911243,385.5421687,104.6511628,1575,4034.492337,1466.155235,634.6314103,370.3763441,417.6315789,4289.312896,2960.863539,4580.091743,1814.407115
2460,1302.955665,71.35802469,4.464285714,5,,7351.04426,2519.047619,336,96.57142857,15,4342.951681,5679.836182,986.2826087,462.962963,380.4237288,2755.434783,6670.315789,1931.65127,1122.95107,791.7013889,892.8571429,7193.417989,5757.966963,5980.247934,3084.626866
2461,380.8450704,22.5,0,0,,5282.452978,895.0282486,105.125,32,0,3746.972603,2721.604775,455.4639175,104.6511628,86.53846154,3166.865672,3594.012474,950.2068966,365.5696203,185.6140351,1293.653846,5971.889764,2461.813305,2542.375,1396.882022
2462,419.9079755,66.85185185,,,,3597.752941,489.8148148,95.92105263,32,,2050.521886,2272.320513,229.1525424,82.23684211,36,1954.306723,2480.508299,542.5806452,129.9411765,60.11363636,1327.486034,4997.297297,1782.78135,1224.016667,735.0344828
2463,568.1818182,57.14285714,,,,3036.610942,1003.58209,187.6595745,23.82352941,32,1783.608491,2610.251938,569.4117647,140.8333333,111.1111111,2053.5,2821.878453,1015.512821,586.7142857,285.7142857,675.6756757,3610.776471,2467.934426,2684.813559,1450.657895
2464,1949.097938,129.7058824,34.28571429,23.82352941,,7729.165436,3942.371938,651.7013889,146.25,100.2272727,6411.609977,6777.990716,1432.708333,725.2083333,485.1923077,3233.354701,7751.262295,2970.284404,2049.595142,1186.098655,975.8695652,7897.793454,6916.945055,9287.682819,5486.691023
2465,5160.501193,433.7198068,188.8953488,285.8823529,490,17550.82276,7562.5,1740.789474,606.994382,288.2105263,13512.01064,13148.47084,4444.57554,2658.845291,1134.862543,7696.650407,13746.86286,6712.449818,5582.422325,4751.841004,4109.130809,18642.65018,14613.28137,21904.97851,13017.88805
2466,38625.65963,6271.624693,2412.490272,2856.610169,981.509434,127361.2659,24891.61137,6214.227122,2031.269488,607.4380165,74626.7369,51718.16291,14389.88442,7288.17998,3371.343013,70060.67144,57726.79984,28643.9604,19219.81526,10324.39471,60191.6691,121775.9165,70340.48047,75452.42275,41601.90447
2467,2128.931298,121.3592233,20.11904762,16.84210526,,9045.504587,3712.118959,708.2926829,265,65.68181818,5480.671642,6873.711721,1436.420455,543.7755102,395,2787.555556,8140.654876,3351.877289,2285.043384,1406.464646,1517.368421,8294.828452,7110.253924,9510.345324,4353.777219
2468,181.2745098,20,0,,,1965.028409,574.0833333,25,22.5,,1001.041667,1145.331325,293.8888889,55.65217391,31.25,805.212766,1154.314286,401.1111111,216.0769231,77.55319149,352.8,2120.408654,983.4770115,1282.379679,888.8888889
2469,240.3846154,8.333333333,,,,1347.219101,285,17.77777778,6.428571429,0,831.2601626,611.4240506,61.25,30,22.5,612,1400.277778,116.0169492,83.33333333,78.06451613,198.6206897,1613.12,997.6333333,557.1014493,243.2911392
2470,776.4497041,13.88888889,0,,,4412.150072,734.9127907,125,16,0,3452.400568,2356.002445,437.4,180.5,42.25,2268.75,3357.285429,738.1395349,329.8969072,250,1289.473684,5946.87664,2570.03861,1950.785288,1098.692308
2471,2063.677885,135,26.30434783,52.8125,,6631.114094,3031.217184,510.7272727,255.7894737,88.2,5911.363636,6120.576923,1686.531008,863.6363636,444.0833333,2984.621451,7161.995465,2879.310722,2304.761905,1274.410112,1204.448529,7898.814016,5929.469309,8935.384615,4271.111111
2472,1053.870968,95.74468085,3.47826087,0,,5856.85008,1681.077441,257.6219512,55.55555556,65.33333333,4257.234332,3532.126538,926.8934911,390.1546392,126.7592593,2496.540084,5210.949178,1796.977848,1107.489712,543.4782609,938.45,5592.405063,3908.436578,4803.055191,2658.645161
2473,1752.32,166.9135802,15.625,5.714285714,,7761.914894,2860.506692,724.0322581,87.56756757,29.6969697,6166.353383,5424.642438,1654.881757,591.803653,439.6728972,2749.369863,7846.291209,2223.702163,1515.234542,899.1743119,1782.706186,9222.867299,6151.898734,7533.218006,4057.814815
2474,900.9375,89.09090909,0,0,,3480.113636,1139.71223,276.5714286,70.3125,18.84615385,3161.290323,2759.566474,670.3448276,155.9090909,110.2083333,1294.240506,3149.395349,1330.321429,725.9259259,597.5609756,328.8043478,3184.490196,2482.853982,4271.111111,1393.925926
2475,1816.812749,85,13.61111111,11.42857143,,10151.25138,2645,435.5555556,77.79411765,67.22222222,5568.298791,5436.260388,1003.398876,667.5862069,254.6969697,4251.934732,7619.647355,2204.153605,1121.538462,515.412844,2487.041985,10817.44017,5755.739796,5795.848268,3436.890625
2476,285.7142857,33.75,7.5,,,2569.762658,367.4271845,144,22.27272727,11.25,1524.6,1120.344828,293.3333333,37.69230769,13.84615385,1472.355769,2121.023256,473.0625,97.23214286,100.8333333,826.8888889,3322.97561,1200.084746,938.0580357,600.0588235
2477,704.1666667,30.625,0,,,4290.041783,629.8322148,112.6666667,18.84615385,,2366.72,2070.019841,210.0694444,58.18181818,27.77777778,1795.566502,2389.728571,422.5,257.7272727,151.25,1321.882353,5557.977612,1526.630435,1392.025641,452.3076923
2478,520.0490196,31.61290323,5.625,inf,,4430.696347,368,67.5,5,,2672.744755,1886.35514,121.2121212,42.5,17.85714286,1946.025,2619.172749,477.1631206,250,75.625,1578.978102,5284.152672,1796.491228,1415.069686,686.9918699
2479,228.8095238,33.75,0,,,2792.899729,369.6875,22.5,0,,1929.209184,1497.751938,220,45,0,1383.676471,1921.466276,246.7105263,74.1025641,49,920.4494382,4093.992248,1056.791045,1146.919431,451.25
2480,118.0172414,5.333333333,,,,1532.889447,380.6428571,40.33333333,0,0,1008.893805,1250,130.1785714,70,20.83333333,782.961165,1016.129032,243,124.8780488,49,511.3636364,2385.60241,735.7961783,562.0503597,480.2857143
2481,6133.029557,575.631068,146.7391304,130.2083333,inf,16341.16159,4284.298246,1124.129032,357.2093023,112.8125,13920.8601,8470.016026,2072.869955,1070.79646,688.4033613,10396.4906,11951.96251,3526.717364,2095.700431,1432.835821,5337.601411,21393.9457,11906.09201,11836.61259,6995.308717
2482,682.7522936,130.6666667,10.58823529,13.33333333,,1570.242291,1240.818713,258.0487805,96.8,6.153846154,1511.259259,1875.504032,591.1363636,245,150.7692308,440.8333333,2734.778598,1184.794521,730.3214286,268.6567164,248.2051282,2794.83871,1611.378092,2670.783476,1373.633333
2483,240.1,21.33333333,0,,,1211.124402,250.8035714,60.5,0,,839.0654206,851.9503546,115.2,25.3125,0,863.4756098,1004.856322,194.7115385,46.61290323,17.77777778,432,1969.230769,616.3522013,509.3884892,247.1186441
2484,440.8333333,10.41666667,0,,,968.3680556,221.6393443,27,15.625,,341.0526316,622.0121951,68.80952381,111.1538462,5.625,405,561.2254902,195,177.8947368,20,161.1842105,1255.201149,350.7281553,391.1111111,261.3333333
2485,166.9512195,2.8125,,,,925.4519774,201.6666667,86.53846154,,,747.6923077,580.1785714,95.23809524,18.84615385,7.5,473.5211268,794.5132743,82.45098039,47.64705882,131.3636364,342.4074074,1119.28934,320.1904762,561.0245902,257.8571429
2486,893.0797101,106.1764706,inf,,,2630.521921,569.4117647,93.88888889,4.5,,1838.59375,1908,270,31.30434783,18,1201.25,1684.210526,374.4021739,247.1186441,72.25,788.9285714,3697.222222,1560.015924,1675.911681,936.2025316
2487,219.2982456,4.5,,,,1650.208333,219.527027,55,17.85714286,,753.2446809,1031.847134,64.46428571,13.91304348,45,485.1923077,825.0299401,101.4035088,56.27659574,57.64705882,295.0877193,1740.340426,766.7625899,790,365.4347826
2488,270.9375,12.85714286,,,,1398.339921,272.8421053,43.21428571,0,,1027.824074,917.4013158,104.1428571,31.84210526,8.888888889,773.3333333,1418.777778,264.6,98.06122449,38.78787879,285.3773585,2059.939271,718.6666667,975.1005025,569.2631579
2489,830.106383,16.12903226,0,,,3101.730769,736.8421053,29.76744186,41.66666667,20,1742.66129,1678.467433,241.4285714,74.07407407,57.85714286,957.3410405,1686.756757,376.3020833,143.490566,93.46153846,1069.752475,3724.503043,1570.248447,1558.731778,863.2894737
2490,107.8205128,8,,,,1201.25,55.10416667,15,,,447.3529412,318.4183673,33.61111111,inf,inf,456.0769231,775.8333333,58.22580645,20.25,16,414.4047619,1217.301136,433.1372549,281.25,123.6764706
2491,196.4285714,4.444444444,,,,2297.170418,202.2282609,77.14285714,8.333333333,0,1123.595506,1281.538462,44,50.41666667,0,818.4070796,1716.020833,278.7096774,104.7115385,68.80952381,465.7462687,2641.48773,863.2692308,931.8431373,655.6018519
2492,307.8205128,0,,,,1576.363636,189.0625,16.875,2.857142857,,947.0720721,1487.526042,84.76744186,21.33333333,11.25,639.6728972,1231.00939,175.5625,70.09615385,66.85185185,245.1408451,2085.975177,673.6842105,814.9502488,413.9908257
2493,330.1145038,14.70588235,0,,,3817.422037,577.6098901,58.22580645,11.25,,2764.931507,2057.194805,300.2597403,69.60526316,45,1615.744048,3460.631068,675.0364964,279.0825688,90.07352941,809.4811321,4556.839623,1472.404494,1881.808511,1208.49162
2494,1938.471154,81.09649123,21.17647059,0,,12743.90123,1817.12037,305.1655629,39.23913043,5.333333333,8595.957447,7032.302573,809.8473282,224.7340426,48.4,5484.436759,11545.41799,1547.249489,713.7418301,376.36,2381.662621,14556.70488,6020.410083,6359.07255,2805
2495,48.16666667,0,,,,1001.041667,50,10.41666667,0,,467.4561404,609.7972973,16.66666667,0,inf,220.1086957,476.1016949,81,20,4.090909091,145.8,1044.669421,437.4257426,291.7171717,131.2820513
2496,303.75,5,,,,1835.244755,293.5779817,34.09090909,10.58823529,,1927.48062,1335.858586,131.147541,10.65217391,9.615384615,472.9259259,1548.292683,325.952381,92.57142857,56.33333333,686.4285714,2247.480519,1045.092251,1046.639344,397.6344086
2497,417.5652174,35.20833333,20,0,,2315.663265,472.1008403,30,13.84615385,0,1347.193396,1227.67658,222.2222222,56.25,75.625,947.1202532,1784.092664,318.5,129.3076923,115,760.8018868,2267.305882,1450.283688,1490.068027,697.1904762
2498,67.22222222,,,,,694.2857143,131.2820513,15,0,,438.90625,360,36.73913043,8,0,133.4722222,590.4216867,116.5517241,18.94736842,0,30.625,776.4084507,255.0568182,444.4444444,145.6060606
2499,341.3333333,15.23809524,5,0,,1102.5,416.7123288,140.8333333,54.44444444,17.5,660.0555556,1152,184.0833333,170,134.7368421,716.3372093,819.8461538,502.7358491,203.203125,292.5714286,304.8780488,1185.461165,774.1463415,804.384058,1110.289017
3501,1098.988439,94.11764706,18.82352941,4.210526316,,6812.142857,2213.753425,378.5164835,61.45454545,42.35294118,3515.625,4248.283046,1004.090909,500.9469697,220.8450704,2698.39779,4980.248139,1206.016667,507,545.248227,1670.42,9327.441421,3736.79021,3518.820876,1708.988764
3502,840.034965,93.87931034,22.40740741,0,0,4317.394495,2270.714286,435.5555556,101.25,75.38461538,2824.827586,3878.56833,845,341.4224138,265.0909091,1578.850267,5747.406015,1245.482625,859.4787645,368.1818182,1072.058824,5817.877792,3451.776062,3699.915254,1937.119565
3506,19279.19498,4082.336449,1561.712329,734.2352941,605.2054795,37236.50768,20268.56942,6518.754596,3544.045383,1526.815416,32620.48738,23870.91465,8153.437725,4747.431092,4833.900293,25927.00765,37340.96613,12906.92652,8157.163205,5719.541763,11704.96769,61620.09848,36382.5,43985.98492,22042.26601
3507,1020.64433,70.48780488,22.40740741,0,0,4863.900662,1984.5,240.1754386,85.2173913,43.21428571,3427.228381,3998.876755,893.8782051,416.3274336,138.2727273,2444.642857,4945.893921,1652.403101,736.7346939,468.6486486,1521.603774,8979.902707,3476.058158,2847.03504,1415.338028
3509,783.6764706,129.6428571,36.81818182,0,0,3303.397291,1627.692308,289.3835616,81.66666667,12.85714286,2269.304029,2798.684932,653.2038835,272.2222222,170.5263158,1870.416667,4016.362683,828.2352941,640.4678363,336.0666667,833.4246575,5381.241787,2721.774194,2387.182628,1044.019231
3510,2553.166259,366.5648855,76.2195122,75,15,7899.898391,3660.952381,765.2830189,273.6029412,85.26315789,4870.388041,4763.102564,1345.018727,592.6687117,312.4324324,4139.369202,6682.5,1835.013699,1016.64794,364.9635036,2752.819277,11714.5135,5776.620022,5168.642857,2818.074004
3511,498.6885246,57.14285714,12.5,0,0,1777.959559,1015.251799,230,36.73913043,6.428571429,1290.895522,1391.677852,286.8072289,155.5714286,80,866.7171717,2481.496914,775.2293578,450.46875,235.1111111,414.2156863,2875.300231,1380.935115,1604.444444,676.6442953
3512,1164.293893,101.0526316,38.02631579,12.25,0,7495.451895,2211.303879,577.4427481,168.1,33.8,3695.673375,5207.408066,1145.022026,640.3688525,197.9255319,3533.587699,6289.280193,1750.673077,1187.931655,577.0909091,2081.300813,10041.2253,4893.402123,3992.597737,2546.749482
3513,392,40.23809524,,,,1187.153465,586.2643678,127.3684211,35.58823529,0,800.2150538,935.4102564,109.0566038,64.8,40.33333333,485.1923077,1351.914414,350.0694444,148.8043478,204.5454545,373.8461538,2445.139276,700.0362319,520.2647059,223.4883721
3514,1175.555556,93.87931034,7.2,5.714285714,0,4116.008772,1908.033473,421.2307692,120.125,31.15384615,2469.605263,3661.439114,680.3461538,294.5454545,180.1315789,1906.690141,5124.719424,1045.81448,535.3141361,287.7631579,1482.338129,7033.395923,3192.807203,2750.082721,1434.025157
3515,1625.472727,140.3629032,46.61290323,22.72727273,36,7046.686047,3149.028078,600.9615385,153.4027778,25.71428571,4125.283806,5269.141414,1325.714286,569.8972603,393.8461538,2724.759725,6703.78744,1533.802817,1165.021277,526.5,2560.070175,9975.732815,5044.450549,4546.970468,2394.411248
3516,1067.189781,135.8035714,13.61111111,0,0,3389.770723,1839.526749,247.3529412,28.44444444,35.71428571,1982.05298,2886.400394,542.5806452,270.4216867,67.22222222,1261.658986,4286.875,1122.318841,597.6013514,200.0537634,816.6666667,5158.442982,2553.824153,2187.027027,1306.805556
3518,8066.075433,1286.634383,480,168.7591241,46.66666667,20734.95811,12529.1207,4577.347645,2441.551724,1510.400641,13484.49719,20057.86635,7059.592199,5011.677019,4449.53271,9049.131016,22576.09789,13221.68582,9188.209176,6733.254902,4494.156504,26662.00563,24022.90313,31089.34433,18630.61748
3519,16165.51145,7416.753555,2777.154567,1015.920455,209.1161616,28111.54574,33376.66854,13764.62491,8145.096451,3380.355072,16784.0921,27306.47445,15442.91345,10916.35258,7979.345611,10865.57544,27038.09255,19544.80644,17424.61444,11923.93528,6889.129594,38279.70885,43584.95072,61606.0856,40085.00274
3520,67164.30809,16699.68401,4803.673547,1890.909091,628.6404834,132884.5511,64258.89467,19758.06452,8459.273955,1710.397456,74613.18919,65857.54524,29587.99834,19421.52554,13144.98509,76809.46746,69671.95688,34989.2316,24313.01335,18705.08227,87773.83459,178142.4613,103890.6362,100262.1482,62422.85483
3521,13251.38708,4843.860523,1777.285429,1079.71464,580.3212851,33661.12818,26015.22593,11487.60397,9031.099476,4660.166475,20673.15712,27088.09209,16020.44194,15143.26778,15604.04736,14471.19142,31070.30638,22542.84336,22366.95383,22143.29165,6860,37909.11217,44173.34777,59069.66762,57288.38067
3522,827.5862069,185.1428571,25.20833333,20.83333333,0,2108.155894,1347.219101,341.3333333,132.804878,30,1410.234899,1776.490196,784.4897959,502.8571429,300.0806452,711.8518519,2203.082822,1026.465517,737.5238095,553.4042553,330.1785714,2911.246575,2387.544803,2943.971963,1712.374582
3523,3525.626283,554.7,82.45098039,102.8571429,33.61111111,9564.246964,4481.838996,1078.769634,616.05,169.084507,7062.66624,6672.495575,2406.64557,1157.391304,691.4285714,3747.444238,9099.03286,2935.881834,2219.038817,1314.881757,1795.849421,12640.76112,8414.706601,10087.05807,5462.101815
3524,8071.220859,2016.572848,957.9239766,690.3409091,142.8571429,17133.61586,11462.24901,4606.612903,3750.084507,2140.995146,11305.55886,14597.70889,7978.836735,5102.439189,3673.476454,6660,16442.08302,9303.705179,10231.20507,5107.201258,4187.763158,22415.36098,18993.65508,33609.25381,17352.55121
3525,9018.904639,971.1161731,311.5562914,72.29508197,207.4509804,26618.3125,10543.27552,3115.527183,1420.691643,519.3817204,15655.98634,14340.43235,4719.796053,2364.598425,2778.112094,11070.59136,16984.39641,7221.834711,4400.932671,3228.827586,6208.991185,33276.09423,20916.84352,22641.27337,13264.31783
3526,5536.91366,891.7460317,104.8134328,62.5,161.7307692,23143.87218,8431.301685,2175.102041,551.25,282.8571429,14383.59064,14877.86697,4295.71964,1955.378947,997.578125,9833.317236,18852.00644,6528.64,3911.952434,1972.820248,6168.762376,33621.09651,15991.7644,16208.89022,8777.588577
3528,1466.790123,105.625,7.65625,2.045454545,0,4757.525316,2436.7,226.7142857,113.6842105,46.61290323,3104.750623,4171.315417,944.4444444,343.2142857,171.9402985,1984.5,5239.480946,1479.86692,662.8440367,792.8928571,1044.321429,7404.004854,3777.979066,3560.494118,2143.012048
3529,1324.740566,130.2112676,83.44827586,6.206896552,0,6724.008307,2429.038031,946.712963,169.4117647,77.55319149,3745.363322,4472.906815,1249.434389,865.3846154,329.8795181,2457.156085,5726.117647,1994.475138,1076.338983,919.1843972,1348.817204,7534.641385,5112.431138,5465.114885,3417.993197
3530,8865.5683,1556.203704,659.6451613,260.9883721,454.5945946,21353.03234,11196.02885,3235.916988,1804.090909,582.7745665,15405.44288,16034.08661,5071.693002,2725.225505,2543.990964,9916.4687,20010.5962,8272.624495,5254.332834,3801.79941,5655.360294,30223.70159,19962.04055,25017.32628,13717.34297
3531,1048.80137,88.94736842,6.153846154,,0,3361.08229,1127.605263,295.5681818,85.95238095,13.33333333,2520.0125,2455.48951,638.7634409,225.4081633,111.122449,1584.143426,3438.539326,1104.5,385.2894737,471.2019231,966.05,5109.750712,2185.706402,2373.792185,1489.864865
3532,1639.738562,129.1509434,6.428571429,0,0,4893.827238,1989.142857,385.9411765,221.1842105,53.57142857,3693.227571,4441.53125,860.4878049,416.3274336,309.1558442,2102.5,5131.300417,1617.875,809.7608696,600.5194805,1335.652174,7384.849661,3890.436187,4357.65625,2295.550562
3534,1249.589552,91.42857143,15,0,,4089.975728,1340.642857,297.7319588,73.47222222,60.20833333,2623.592375,3043.288934,665.0381679,323.2323232,365.0704225,1471.824818,3792.889831,1462.857143,497.8181818,651.7013889,1047.272727,6050.516206,2715.338983,3217.094926,1855.469974
3536,1031.808036,116.7361111,16.2,0,0,5257.412731,1301.017699,277.7822581,44.02439024,7.2,3560.304183,3763.2,566.4044944,410.2272727,234.0298507,1947.036145,3882.217445,898.7665198,734.2352941,515,1862.354369,7318.062298,3405.352518,2776.47929,1569.90566
3537,5284.834004,800.5263158,195.5714286,106.5789474,205.1162791,19236.43588,6021.129771,1664.356436,501.7361111,290.2348993,12672.63025,11644.14047,4013.212521,1908.166667,1571.70068,8646.561324,14939.29691,4945.318408,3376.978579,2363.112701,6754.341164,24980.63133,13565.76647,14673.2964,8724.330894
3538,1644.914966,261.1184211,46.875,10.20833333,15,6559.617956,2550.940594,630.5970149,270.75,42.25,4055.777414,3752.061069,997.7932961,335.2325581,136.3380282,3134.626168,5604.459034,1321.290323,651.9341564,444.822695,2454.696486,10123.99525,3775.523933,4136.19379,1677.227357
3539,7959.896104,1705.014749,537.0247934,246.5753425,500,22510.34507,8418.30703,2372.232143,1012.252252,335.9006211,16183.7489,14065.47218,3842.283073,2120.301932,1922.637363,11922.5526,15367.15295,5465.364536,3389.671362,2524.449438,10530.00496,34822.93275,17626.43142,17959.45149,8603.421788
3540,574.21875,20.86206897,2.222222222,,,3297.912206,1028.208955,171.125,55,60.35714286,1545.265781,1795.853333,333.902439,230,65.45454545,1636.840491,2491.271008,550.387931,195.6018519,263.2876712,841.4367816,4462.998442,1197.152104,1930.203046,968.5902256
3541,1063.476563,132.244898,5,0,,3401.279707,1458.282609,250,155.7407407,105.625,2031.746032,2406.666667,288.8,161.3333333,130.1785714,1457.168367,3428.725869,545.1904762,352.173913,217.6119403,1329.075342,5339.146023,2374.453333,2140.103687,819.7026022
3542,1575.330882,138.8461538,3.90625,0,7.5,4846.689356,1760.416667,331.3793103,109.0322581,46.66666667,2535,3230.031153,836.1290323,308.5714286,134.2156863,2032.870722,4438.189655,961,547.5260417,386.1160714,1580.119617,7519.612299,2858.212891,2697.674961,1489.261838
3543,5918.005618,898.2208589,227.3684211,67.47663551,44.13793103,19387.45604,10818.02486,3141.678241,1450.887681,495.049505,12360.59935,18028.28373,5960.113941,2851.875,1561.811377,9290.728346,19762.79195,8103.337302,5529.327894,3498.666667,5541.591727,30301.79014,17763.50557,20043.7014,11619.182
3544,819.2,144.4,14.41176471,0,,3579.908676,1535.939086,225.1162791,106.6666667,9,1405,2020.761905,551.25,245,158.4782609,1085.212766,2971.704312,976.6451613,555.3846154,270.3448276,1080.384615,6244.726124,1942.820122,1665.314685,744.1875
3546,466.2068966,56.33333333,,,,1275.650685,597.5609756,60.5,0,,587.826087,963.4965035,177.962963,41.29032258,20,592.1111111,1156.069364,311.1764706,187.7586207,53.33333333,484.0243902,2508.539326,490.4891304,417.5257732,181.2745098
3547,1061.764706,120.125,6.666666667,0,,5635.204082,1966.117021,342.25,64.51219512,20,3610,3605.612403,663.7575758,311.1363636,66.27272727,2668.800539,5238.017789,1319.290323,776.25,769.2213115,1339.534884,7495.517391,4039.228723,3644.609145,1544.856397
3548,895.739645,66.73611111,9.074074074,4.090909091,,5020.326633,1792.069536,373.5555556,47.61904762,5.625,2927.338501,2722.833333,638.4013605,280.0588235,82.23684211,1585,3602.816794,845.6818182,371.28125,247.5,1495.879397,6601.234799,2990.865052,2629.372129,1380.437063
3549,585.8035714,81.66666667,0,0,,2179.083095,874.0780142,86.66666667,75,,1489.801136,2164.800664,387.6041667,93.46153846,13.33333333,806.3059701,2175.104895,727.3557692,177.7848101,124.6153846,671.0294118,4086.300366,1201.569767,1360.477099,845
3551,183.75,0,,,,377.8571429,182.25,16,inf,,361,390.625,86.42857143,20,,180.625,475.4455446,95,36.81818182,6.578947368,120.4166667,948.1481481,151.557377,162.1929825,170.4347826
3552,269.3902439,9.473684211,0,,,1217.978723,556.5441176,110.2083333,30,,511.3586957,1137.534722,49.09090909,46.53846154,24.5,464.0677966,1015.410256,329.1428571,101.25,31.25,394.0909091,1815,760,605,325.2898551
3553,4133.71308,210.5263158,72.6744186,40,,8027.750533,3357.429112,630.5418719,186.05,115.2380952,5616,5583.431983,1039.104478,565.2941176,210.974026,3803.32996,6743.555276,1820.444444,841.6479401,422.7522936,2386.19883,12454.7093,6906.706383,6641.28125,2775.56042
3554,416.328125,13.5,0,0,,2414.028169,635.8173077,105.8,13.33333333,125,840.1162791,1333.520833,198.5294118,157.5,27.77777778,798.3884298,1005.34296,276.7567568,97.56097561,96,783.3684211,2698.801843,1044.152542,1009.918033,568.2989691
3556,1094.401042,99,30.625,2.222222222,0,4545.306604,1410.180723,430.5625,111.3043478,59.21052632,2331.834416,2631.69,721.6363636,291.8382353,158.0487805,1627.175573,3322.231481,631.2568306,223.7762238,263.7121212,1481.570513,6193.085339,2773.048986,2509.960053,1177.98913
3557,1415.664207,129.0243902,12.89473684,3,,6855.029611,1657.028169,376.9615385,96.57142857,11.25,4790.792079,4591.532033,803.9130435,379.6078431,143.490566,2777.154567,4532.047013,1195.323887,434.7413793,425.060241,2134.267101,10095.71287,4265.292014,3432.263441,1232.051282
3558,2356.238208,175.619469,130,39.2,15,7230.563277,2347.55489,525.4545455,381.1764706,99.31034483,5553.333333,4210.210773,1178.181818,473.6160714,412.8571429,3491.004823,6333.345972,1404.5,556.5441176,416.25,2859.299674,11525.738,5193.583181,4618.775835,2129.473684
3559,259.6153846,22.27272727,16,0,,883.4741784,295,53.33333333,12.5,inf,696.8888889,446.2626263,49.82758621,103.2142857,13.84615385,501.7910448,792.8928571,152.8181818,85.32258065,46.94444444,245.4444444,1439.036885,674.3333333,366.9551282,327.3376623
3560,764.5454545,72.2,55.55555556,22.5,,2232.578534,730,91.83673469,106.6666667,41.66666667,1056.768559,1209.151292,376.1940299,141.5686275,69.60526316,1118.892857,2463.016997,348.75,220.1904762,113.7777778,867.7884615,3085.307102,1585.2589,1349.405405,775.1257862
4601,200.2380952,11.25,,,,987.5390625,166.4150943,55,inf,,516.6015625,1138.783784,76.81818182,45,40.83333333,776.4084507,1169.780488,135.6451613,45.15625,105,453.0645161,1768.962656,530.8823529,352.173913,147.4561404
4602,747.2641509,117.5806452,84.5,24.5,101.25,2835.737705,1556.481481,235.2941176,460,240.25,1856.533333,3013.586572,762.5520833,435.483871,580.8024691,933.5294118,3264.805389,1164.516129,1326.578947,1245.762712,496.125,3953.781407,2661.837945,3418.397626,2763.90625
4603,570.9459459,23.80952381,25.71428571,30,inf,1518.820896,760.5555556,228.8095238,120.4166667,85.33333333,1702.090909,1578.786008,379.6938776,360,711.1538462,645.661157,2026.176471,665.6395349,782.0416667,1071.030303,260.0925926,3383.932161,1261.658986,1926.74569,1665.603448
4604,120,,,,,480.0769231,70.41666667,inf,,,261.3333333,220,inf,20.83333333,,158.0487805,436.2264151,59.21052632,38.46153846,35.58823529,54.44444444,490.212766,288.8,180.1470588,259.2
4605,166.6666667,27.22222222,,,,565.661157,214.4117647,8,inf,,379.3548387,407.6086957,70,11.25,inf,235.8490566,449.587156,125,51.60714286,19.28571429,160.5555556,891.4939024,313.6,256.2666667,205.4444444
4606,160.7142857,,,,,410.0595238,196,,,,246.4035088,192,22.27272727,inf,11.42857143,94.46428571,291.2121212,98.46153846,55,76.81818182,129.7058824,640.8791209,195.1351351,250.4347826,175.1515152
4607,1137.795276,107.8205128,22.85714286,inf,inf,2817.731569,952.0754717,580.6097561,214.0740741,160,2350.694118,2273.464164,510.2040816,410.4310345,653.3333333,1463.225806,2762.760417,836.0305344,721.0504202,618.9473684,910.0378788,4738.500661,2691.2,2401.682135,1424.30622
4608,67.22222222,0,,,,545.7920792,62.82608696,0,inf,20,216.75,435.7446809,0,20.83333333,26.66666667,190.1388889,314.1025641,60.35714286,31.84210526,90,128.9285714,666.6666667,195.2542373,245.8181818,142.4418605
4609,245.0980392,25.3125,inf,0,,957.9239766,232.2321429,151.5789474,72,13.88888889,790.3225806,641.71875,80,133.3333333,111.1538462,554.4021739,659.6451613,164.0677966,80.47619048,120.1923077,256.8055556,1661.016949,680.9920635,610.7482993,566.4102564
4610,76.81818182,13.33333333,,,,304.137931,262.65625,326.6666667,49,,145.8,589.3877551,50.41666667,65.33333333,29.09090909,22.27272727,477.5531915,242.4242424,236.0344828,115.2,inf,502.7358491,307.8205128,469.1558442,247.2058824
4611,10927.08184,2705.627706,1434.435484,831.1170213,660,27032.48549,10514.02854,3972.457627,2711.045455,1432.582781,24444.12539,17816.90416,5300.388676,3811.641791,4047.022901,16286.86333,25603.89818,11071.26168,6455.513036,5935.483871,8396.807403,41285.72336,25142.18583,26968.65131,20059.86928
4612,171.6071429,40.5,11.42857143,,,725.323741,569.0322581,320,80,81.66666667,450.7042254,979.3165468,80.15151515,170.6666667,85.33333333,464.4642857,1614.328358,520.0877193,206.3157895,369.8,181.8181818,1079.319527,996.4705882,1148.489933,376.4705882
4613,722.5,88.2,13.88888889,0,0,1290.170455,1092.896175,297.5510204,153.6363636,50.625,1496.978417,2138.181818,407.6086957,211.8644068,138.3783784,521.9565217,2716.740614,710.3308824,624.2038217,251.4189189,298.8297872,2591.950262,1623.600746,2053.386243,1149.425287
4614,99.31034483,20.41666667,,inf,,507,315.3389831,120,81.66666667,6.428571429,466.7647059,632.1287129,210.25,105.2173913,43.21428571,173.0769231,814.795082,310.212766,200.4545455,40.83333333,142.2222222,960.5714286,560.0454545,521.7391304,511.3636364
4615,247.5,25.71428571,0,,,901.7840376,324.8529412,86.42857143,inf,inf,421.3120567,595.3982301,70.3125,72,201.6666667,400.6081081,497.6644737,128,68.57142857,40.23809524,164.8507463,1571.620553,366.4361702,437.5,456.3333333
4616,245,0,,,,571.6666667,129.7058824,inf,,,222.9365079,203.4745763,35,20,inf,86.66666667,209.7580645,60.5,45,30.625,213.90625,629.7619048,210,166.4150943,125.1851852
4617,245.3225806,13.88888889,0,,,1547.029703,160.1666667,84.5,0,0,571.3315217,605.0406504,115.7407407,35.20833333,32,446.7821782,596.3271605,104.1428571,187.5,95.86956522,458.8970588,1628.813559,445.8730159,488.8928571,422.9365079
4618,293.8888889,24.61538462,,,,1147.392344,236.097561,169,25.71428571,20,671.4754098,835.1226994,52.25806452,12,106.6666667,390.6132075,991.7365269,139.2045455,45.71428571,153.6363636,408.9361702,1863.282313,800.2150538,392.04,263.4408602
4619,121,0,,,,106.6666667,50,20,,6.666666667,20.25,86.42857143,17.85714286,0,0,35,125,0,125,75.625,100.8333333,187.7586207,56.33333333,43.21428571,20.25
4620,128.9285714,0,,,,480,135.1724138,45.71428571,0,,297.5625,261.3333333,27,83.33333333,20.83333333,195.4651163,315.0819672,30,35.58823529,30.625,187.5,690.0367647,311.4814815,207.1917808,166.1538462
4621,225.4878049,16.875,0,,,666.0162602,224.2241379,69.42307692,42.35294118,60.5,435.8421053,398.3684211,117.6470588,31.84210526,54.44444444,345.3076923,550.0446429,182.8571429,76.05263158,90.25,182.7173913,1272.028571,402.0940171,453.4732824,272.7272727
4622,155.5714286,46.53846154,20.41666667,7.5,inf,432.4324324,192.3636364,190.5882353,95.23809524,67.36842105,378.3695652,245,120.7142857,187.7777778,189.6296296,320.7758621,387.7692308,162,104.1666667,173.0769231,294,880.3214286,371.0294118,436.5454545,337.278481
4623,32,0,,,,169.6153846,65,45.71428571,22.5,,55.65217391,35.55555556,16,20.83333333,5,80.35714286,48,71.42857143,60.5,144.5,27,176.5517241,139.2105263,52.8125,110
4701,301.5384615,48,64,0,,1014,475.0537634,157.5,38.46153846,45.45454545,961.6896552,938.3116883,240.6666667,51.2,55.38461538,1136.363636,869.2462312,363,285.8823529,290.6578947,413.6029412,1873.39172,998.6363636,1144.183168,748.8679245
4702,232.1052632,50,inf,,,949.516129,360.8181818,201.6666667,101.25,12.5,631.3043478,505.8064516,94.46428571,48,27.77777778,561.4035088,815.1257862,240.6666667,400.9090909,243.8095238,275.9183673,1387.687225,763.3486239,640.1515152,591.5
4703,78.75,8.333333333,,inf,,600.1612903,64.85294118,5,,,365.0704225,293.4027778,35.55555556,6.666666667,31.15384615,230.2459016,445.0549451,70.43478261,19.28571429,84.5,121.6216216,711.1688312,255.4255319,290.0892857,170.5263158
4704,64,13.33333333,,,,390.9734513,55.65217391,inf,,,290.0892857,184.9,0,11.42857143,18,241.0714286,395.1612903,80.35714286,22.72727273,12.5,107.2058824,700.4166667,181.0714286,128.4444444,180.625
4705,382.2727273,75.38461538,inf,90,,1742.624224,702.972973,102.8571429,45.71428571,inf,781.8449198,738.4090909,140,40.17857143,65,773.5148515,1105.198238,186.0465116,156.2162162,102.2727273,463.1410256,2130.75718,874.0780142,925.1104972,610.6521739
4706,2497.278157,924.16,384.0909091,211.2068966,inf,12315.14658,5382.768274,1762.522321,1075.57377,845,8875.580046,7324.081996,2236.764706,1146.139535,1851.428571,6562.424893,10680.31311,4087.538462,3338.02356,1529.638554,3298.039216,17139.67375,9891.569024,10905.31195,6518.846618
4707,432.2457627,59.59459459,30.625,61.25,,2597.253219,845.8646617,134.7368421,65,22.5,1538.359684,1230.769231,237.5757576,139.6153846,153.6363636,995.6613757,1660.059524,530.4109589,334.8214286,173.442623,947.7631579,3370.786517,1507.168459,1470.588235,976.6451613
4708,263.7121212,48,31.25,inf,,1615.664336,540,59.21052632,80,inf,1126.826347,935.8724832,165.1612903,72.2,41.66666667,580.9920635,1187.153465,295.3636364,201.6666667,177.8947368,375.0649351,1955.05168,727.4846626,1118.672316,546.8556701
4709,372.9032258,66.17647059,inf,,,2301.306533,702.6506024,137.8125,46.53846154,27.22222222,663.6029412,1023.324176,250,62.82608696,96.33333333,562.0503597,1398.339921,315.0769231,187.6595745,134.7368421,934.4444444,2097.722458,786.8085106,1099.378238,735
4710,101.25,11.36363636,,,,989.7260274,71.12903226,inf,inf,,331.24,400.2631579,128,30,0,340.2777778,435.6018519,153.8461538,100.2777778,26.31578947,270.9375,935.027027,202.3837209,235.4022989,252
4711,2812.862644,620.8376963,608.8970588,406.9230769,925.7142857,14779.59499,5962.526316,1566.077441,910.4516129,1246.944444,9621.600598,9242.748423,3241.587927,2188.257919,2259.204545,5648.926316,13360.10584,5245.862709,3842.218814,2635.036496,3300.948276,19212.03529,11954.9644,12645.09249,8360.84453
4712,162.9761905,21.33333333,0,,,1099.654088,528.8983051,72,40.83333333,inf,591.3684211,698.3471074,191.40625,55.55555556,32,367.9508197,675.0364964,152.1052632,124.6153846,50.625,167.9069767,1402.737557,705.6185567,712.3478261,457.278481
4713,351.4864865,36.81818182,,,,821.3764045,427.1111111,62.5,166.6666667,inf,512.112069,356.9396552,115.7407407,85.33333333,75.625,405,911.25,187.6595745,186.4516129,77.14285714,186.1538462,1272.839806,455.8080808,491.0948905,584.494382
4714,161.6346154,115.7142857,22.5,,,2211.007853,386.8656716,307.2727273,40.83333333,13.33333333,1025.829493,830.4372624,132.804878,147.2727273,129.7058824,909.4736842,1115.536481,117.6,176.3333333,65.45454545,649.0140845,2697.333333,825.4624277,824.0929204,645.3333333
4715,432.5517241,102.7358491,85.33333333,26.66666667,0,3602.091503,1407.348837,429.6376812,277.7777778,80.12820513,2238.391304,2137.45614,796.2631579,320.0757576,376.9230769,1200.543478,2880,681.4942529,646.2765957,817.8723404,958.1012658,4964.198758,2115.192771,2676.751101,2273.136095
4716,257.0491803,16.875,60.35714286,inf,,1770.496454,669.3939394,160,100,76.81818182,787.3142857,1017.605634,233.4722222,194.4642857,64.51612903,701.9444444,853.6401674,316.4545455,121,120.1923077,425.8602151,2064.826203,731.9753086,831.4974619,680.9920635
4717,611.2727273,233.6111111,122.5,inf,,1517.376033,698.3471074,170.1388889,182.25,85.33333333,970.7563025,885,280.9,333.7931034,131.2820513,665.0520833,1404.225,568.1818182,393.828125,439.3220339,315.7894737,2221.538462,1145.331325,1193.985849,1165.467626
4718,143.2894737,89.09090909,20.83333333,26.66666667,22.5,445.5421687,547.4390244,170,64,55.65217391,222.2222222,495.9375,262.2413793,100.8064516,73.33333333,352.6666667,237.5757576,148.2051282,121.5,136.2264151,206.2857143,752.6754386,411.4285714,392.6630435,625.6837607
4801,842.9268293,85.2173913,68.80952381,81,,4413.064993,1682.813953,454.0298507,144.5,129.7058824,2262.371601,3027.916667,522.6666667,501.7910448,312.2580645,1866.760563,2895.433628,910.1075269,755.8865248,689.2307692,1117.090909,6627.623942,2720.363436,2825.008881,1726.61512
4802,1470,208.9795918,118.4210526,30.17857143,81.66666667,7887.895508,3236.551724,916.122449,546.7460317,295.3636364,4496.432119,4859.605696,1584.209302,855.7763975,1341.868687,2773.136364,7036.215054,2272.097625,1770.347682,2131.272321,1219.120879,11036.74669,5297.652941,5733.9989,4876.92126
4803,214.0740741,76.81818182,,,,1261.730769,569.4117647,161.3333333,89.09090909,27.22222222,626.3138686,1000.384615,104.6511628,147,115.2380952,676.3380282,928.9285714,369.6052632,76.41791045,140.0833333,466.7592593,1895.4,630.125,642.1656051,795.8389262
4804,22.72727273,inf,,,,356.5432099,130.1785714,5,,,182.6415094,144.4,67.22222222,0,20,231.2,335.6164384,95.29411765,10,22.27272727,130,355.2293578,128.4444444,245.8181818,46.51162791
4805,380.6428571,110,72,20.83333333,inf,1915.247093,1142.328244,245,105.8,33.33333333,1369.113924,1643.269962,316.4545455,206.6326531,41.02272727,1120.409091,2090.755034,608.9320388,359.1869919,307.4657534,702.1641791,3046.538462,1165.084388,1529.638554,1173.882682
4806,20196.01815,6321.674312,2506.143868,1644.340426,1352.783505,51144.14715,35423.31388,10860.95332,7982.210663,6592.173913,36805.88112,44748.22133,17796.88874,13598.1125,9841.168033,25552.7916,55432.87934,27431.9462,26209.46422,19045.0526,17427.12299,84767.42564,58987.95856,66885.4375,45191.23701
4807,275.0877193,146.9444444,29.09090909,25,,1696.859649,729.9484536,146.9444444,42.25,9.615384615,1028.5,811.2934363,292.6041667,160.5555556,108,730.3214286,1505.432331,281.6091954,259.8453608,270,535.942029,2591.034483,1086.59204,1091.056034,751.4939024
4808,1799.290323,605.3913043,305.0793651,150.5882353,75,10036.10593,5154.627273,1471.196319,653.2258065,465.125,5848.053546,6797.78,1901.125461,932.4271845,517.6890756,4254.60739,8426.644125,2922.726337,2220.011211,1730.452675,2760.84507,13240.25516,7562.409351,8751.862661,5097.798165
4809,160.1470588,48,0,,,912.9017857,425,65,41.66666667,49,300.3125,617.9906542,112,37.69230769,18.82352941,214.375,705.1271186,268.8888889,89.46808511,160.952381,238.3783784,1072.071823,428.9320388,600,410.2564103
4810,1003.58209,206.9827586,161.3333333,62.5,0,4118.106547,2530.380952,488.9285714,292.804878,135.8695652,2275.902439,2605.353635,736.3274336,589.8245614,250,1976.593625,3604.909747,835.6521739,1131.696429,813.0645161,1154.314286,6206.13354,2973.543897,2702.517422,2336.561644
4811,15831.17427,4225,1886.35514,980.672043,629.0659341,50293.90235,34623.96695,9148.721441,6260.831889,5378.597561,38326.67173,41243.36841,15609.59021,10643.00464,8347.560322,26792.06306,55171.84483,26387.41743,21542.21217,13743.07201,12904.06627,81160.83288,54188.15331,57200.39529,40615.50289
4812,892.5641026,245,112.5,163.3333333,101.25,2208.804945,1154.851485,560.1724138,240.25,168.2,1320.816832,1605.015674,634.3902439,266.984127,215.9183673,1122.663551,2306.722561,760.5555556,871.7586207,439.6982759,480.1709402,3933.403805,1769.473684,2233.846154,1526.294118
4813,633.5353535,148.8043478,75.38461538,33.75,8,2785.186275,1725.208333,250.4347826,235.2941176,67.5,1721.20098,1913.37931,564.0625,323.4615385,266.4473684,990.025,2387.457421,670.5633803,512.112069,390.0625,950.625,4924.823789,1865.054201,2057.232346,1397.009967
4814,252.8947368,48.16666667,15.625,41.66666667,,1471.114458,722.5,145.6060606,134.4444444,36.81818182,961,868.8016529,203.4615385,107.2058824,47.40740741,547.5789474,1005.230769,358.6781609,197.9255319,273.6486486,416.5714286,2142.367347,916.9161677,1104.972376,575.3719008
4815,212.8030303,25.60606061,16,,inf,1455.884774,606.1734694,160.7142857,46.66666667,16,806.8079096,1432.814208,471.8367347,166.6666667,71.11111111,425.0416667,1218.141264,526.3157895,264.7058824,437.5,459.2666667,2521.945946,1113.025,1287.655502,294.9122807
4816,1580.246914,477.5531915,70.24390244,56.25,147.2727273,1395.776398,1457.44898,777.8571429,500,312.5,1629.090909,2563.348837,1118.628319,635.1030928,820.5128205,2192.029412,3684.269006,2620.275229,1395.386266,978.1349206,721.3636364,4035.013889,2568.896552,3306.25,2169.389671
4817,270.7042254,67.22222222,128,30.625,11.25,1307.232143,1034.461538,392,150.6976744,132.3529412,982.3451327,902.5,375.3191489,248.8888889,235.4347826,665.5,1309.952153,536.2886598,481.1792453,574.829932,446.4285714,1988.065395,882.1179039,1141.159696,1320.3125
4818,173.5714286,67.5,,4,0,293.0813953,205.7142857,75.625,40.83333333,11.42857143,288,375.0649351,105,45,29.09090909,225.625,350,267.4074074,121.6216216,151.25,221.3157895,726,259.7297297,410,200.6428571
4819,1828.642384,533.6842105,182.8571429,101.25,125,4610.942275,2334.753247,805.4123711,440.1041667,580,2826.728972,3033.819444,1282.051282,604.2605634,781.6447368,2651.255319,5455.41958,2392.476038,1617.845118,956.0055866,1115.56,7225,3733.464052,4968.523592,3047.092511
5901,1476.07438,89.09090909,51.42857143,16,,2956.873638,1249.615385,275.0877193,120.2272727,27.22222222,1602.960289,2804.886686,400.2380952,153.6507937,78.47826087,1141.311475,3303.807531,737.4427481,333.9112903,143.490566,721.8846154,4580.280255,2170.39548,2596.153846,1200.027473
5903,1106.285714,95.703125,46.94444444,0,inf,3825.475779,930.25,426.6666667,43.78787879,0,2376.529412,2840.796089,410.0625,246.0465116,54.44444444,1449.980545,2623.394004,685.984252,356.576087,142.6041667,1197.53886,5571.598174,2292.26361,1878.26087,803.3241758
5905,340.2777778,11.42857143,64,,,2093.272171,480.4411765,76.05263158,40,0,1041.262887,1258.78866,175.6451613,96,inf,919.1843972,1802.474403,279.5070423,152.1052632,51.2,620.990099,2996.156317,990.3883495,1031.808036,350.7281553
5907,873.8888889,73.77192982,4.705882353,0,,5385.261661,1538.089888,255.7894737,106.6666667,13.88888889,3014.815951,3150.128617,480.2173913,97.96610169,86.53846154,2067.975831,4431.284768,582.8881988,266.6666667,88.92307692,1610.403587,7680.256616,2998.378378,2435.588235,1001.92053
5909,4769.826176,656.372093,280.5479452,90,45,12115.83614,6050.229592,1651.367521,556.2578616,284.1139241,7533.017751,8531.842302,2295.538847,1029.428105,802.2752809,4215.069638,9968.044459,3559.928699,2974.048964,2561.479821,1970.115979,14850.07705,8744.837758,10571.43166,11388.45953
5915,62135.69599,18134.32427,6159.297012,1793.976834,567.1917808,98479.08379,61389.20455,16581.04067,7839.872204,2878.680982,72396.07146,64141.01695,25914.13311,14841.48613,7004.489338,52372.28585,76505.01079,37570.44294,26431.57725,14459.49375,41991.4882,146382.379,95831.51405,103736.7872,77793.9679
5917,7644.023786,1270.676692,350.4166667,189.8039216,124.6153846,21804.04033,8392.190121,1799.063545,592.6687117,182.7173913,14575.07438,12408.69381,2947.933962,1135.514019,566.9291339,11354.86327,17773.06137,4876.418182,2513.746006,939.689441,7385.122867,32131.46651,14602.47534,13769.16406,7879.966698
5919,970.989011,169.084507,40,40,35,4069.09688,1385.841924,341.6025641,175.6451613,85.26315789,3224.43314,3683.110151,575.0442478,280.7258065,58.77777778,1783.29918,4285.56962,865,432.2571429,335.0769231,1212.457143,7637.908266,2932.754881,2674.048583,1295.728745
5921,3533.293769,566.7821782,257.8571429,15.57692308,17.85714286,8523.186992,3359.105145,660.5714286,160.3030303,69.42307692,6017.303732,6850.056877,1055.207373,449.5338983,270,4071.877395,8538.559655,1855.436747,839.5884774,432.2457627,2560.200501,15352.63516,5761.498829,5034.666667,2855.443645
5923,317.3626374,58.22580645,inf,,,2012.163265,373.6320755,156.8,18.84615385,,1157.108434,900.6578947,172.8409091,88.2,225.625,897.704918,1490.711207,280.0862069,176.097561,37.60416667,782.8915663,2783.488943,1020.096154,764.5454545,475.2197802
5924,,,,,,,,,,,,,,,,,,,,,,,,,
5926,,,,,,,,,,,,,,,,,,,,,,,,,
5927,420.5,19.28571429,,,,1361.634615,286.2307692,42.35294118,16,0,920.3361345,584.6979866,195.6521739,40,49,552.5520833,1183.522013,107.8205128,52.25806452,45.45454545,316.1267606,2423.850174,635.3719008,466.7045455,204.8484848
5929,698.6986301,60,inf,,,1843.262548,655.2808989,139.2105263,98,0,1425.454545,1233.926554,95.74468085,91.875,27.22222222,995.5752212,1778.461538,224.3076923,71.02272727,91.875,837.0253165,3251.25,1226.458333,902.5,291.2359551
5931,386.1734694,140.8695652,115.7142857,20.41666667,inf,1673.267327,703.4574468,107.8205128,153.8461538,38.46153846,1172.261307,1440.47619,515.7142857,309.6428571,67.5,618.8571429,1386.945525,889.9065421,586.038961,153.8461538,234.3902439,2508.680556,1755.558376,2176.568627,1145.215517
5933,2333.571429,262.65625,85.32258065,46.66666667,45,6138.791092,2588.43318,519.0650407,190.4225352,81.66666667,3560.716724,4437.735849,998.4180791,417.5257732,183.75,2818.876404,5874.488189,1560.018939,762.5225225,369.6153846,1770.421456,9595.558493,5079.183805,4851.973225,2275.011038
5935,3523.576512,376.2056738,149.3902439,90,65.45454545,10108.49633,5528.13745,725.8064516,350,135,5256.576087,7545.601719,1788.081633,601.6666667,535.6962025,3912.603774,9703.25098,3035.636095,1776.568966,502.9761905,2284.105114,14565.67175,7347.253669,7633.600175,4516.119403
5937,2141.59292,160.1470588,102.2727273,8.888888889,,3954.952446,1565.433071,398.6206897,55.55555556,64,2667.164804,3380.623722,411.8067227,300.3125,125,1533.072034,3375.776451,877.5641026,625.1550388,270.5113636,1123.301887,7048.889452,2964.988864,2681.40625,1627.392027
5939,1130.662651,199.3103448,7.272727273,0,inf,2674.731544,1082.466216,158.0487805,49.70588235,60,1900.083333,1817.172237,315.0769231,220.8064516,26.40625,813.2880435,2981.377778,763.3486239,273.9673913,47.6056338,600.3571429,4419.577279,1505.622837,1534.736842,1015.3125
5941,773.4375,106.7647059,60.35714286,5,inf,3261.805846,1255.019763,243.7681159,91.35135135,27,1915.859729,2369.342432,578.5714286,124.2253521,84.5,1295.026042,2841.813842,625.1550388,293.5779817,91.26666667,1280.57971,5403.596378,1830.120968,1462.223587,1194.666667
5943,280.1515152,25.71428571,,0,,689.2307692,217.8,28.92857143,20.83333333,0,470.4054054,255.3636364,67.36842105,31.15384615,20.83333333,181.0655738,425.5696203,73.84615385,22.40740741,18.82352941,236.7391304,847,410.9433962,315.7894737,140
5945,35,,,,,55.38461538,32,,,,281.25,213.3333333,,,,106.6666667,38.46153846,7.5,inf,,25.71428571,142.3529412,41.66666667,45.71428571,inf
5947,215.5172414,20,0,,,705.6015038,272.7272727,84.80769231,48,32,512.6582278,420.0833333,100.1190476,129.7058824,56.33333333,257.6219512,440.8333333,130.6666667,67.82051282,205.7142857,280.3333333,1096.195122,591.1574074,435.6018519,226.038961
5949,377.752809,21.17647059,20,0,0,1551.692308,602.3113208,125,51.60714286,25,1169.64,1136.568047,215.4255319,180,77.14285714,578.7671233,1232.751196,328.9506173,144.453125,70.41666667,445.7857143,1897.245509,1331.737805,953.1302521,615
5951,350.4166667,86.95652174,26.66666667,,0,1430.083333,786.2413793,118.4210526,65.68181818,24.5,1111.404959,1076.11413,209.4545455,125,76.03448276,680,1514.885321,291.6666667,284.8837209,240.2857143,516.6037736,2521.945946,1117.318436,985.125523,615.9337349
5953,1624.736842,167.4742268,90,13.61111111,11.25,4047.944882,1678.646617,451.4925373,328.3962264,104.1428571,3679.909326,3394.155405,535.3141361,331.9680851,210.6140351,1824.378788,4092.422414,1265.746888,815.5479452,470.45,1154.478528,6398.876459,3301.024793,3352.816901,1896.020151
5955,1308.760684,205.1282051,165.3125,8,20,2040.621827,950.1369863,325.0793651,182.8571429,89.09090909,1497.651822,1802.810078,566.7222222,377.2321429,161.6346154,1238.571429,2000.463918,870.1176471,758.0451128,462.25,568.0916031,3433.391003,2168.343558,1995.012469,1275
5957,5,inf,,,,135,0,,,,16,inf,,,,5,inf,,,0,,106.6666667,5,,22.5
5959,112.5,inf,,,,209.4230769,100,0,61.25,,75.78947368,105.8,53.33333333,11.42857143,5.625,80,123.2051282,64.46428571,52.8125,22.5,206.4285714,378.3695652,102.4242424,128.4444444,86.95652174
6001,926.954023,90,40.83333333,5,inf,2173.353659,711.8518519,200.5555556,85.33333333,30.625,1340.993976,1144.321429,280.3846154,99.31034483,65.33333333,1138.195489,1674.418605,706.1764706,260.7758621,130.6666667,498.8554217,2751.488095,1331.018957,1672.02381,934.9122807
6101,,,,,,,,,,,,,,,,,,,,,,,,,
6102,,,,,,,,,,,,,,,,,,,,,,,,,
6103,,,,,,,,,,,,,,,,,,,,,,,,,
6104,,,,,,,,,,,,,,,,,,,,,,,,,
6105,,,,,,,,,,,,,,,,,,,,,,,,,
6106,205.1219512,30.74468085,52.8125,13.33333333,0,196.9140625,151.9101124,60,47.64705882,28.80952381,622.2727273,334.4174757,88.8961039,82.23684211,20.6097561,261.5934066,485.2484472,277.0560748,210.25,93.91304348,37.6744186,540.0843882,552.0294118,533.8888889,237.1556886
6204,334.6969697,93.75,67.5,20,0,271.9117647,222.3076923,173.5714286,125,195.6521739,403.2258065,166.6666667,150.1785714,106.6666667,360.1190476,365.4054054,337.5,231.2,201.6666667,337.1929825,240.1428571,711.1392405,551.4705882,555.7692308,845.8646617
6205,160.952381,81,41.66666667,0,0,75.29411765,124.6153846,120.4166667,125,112.8125,71.42857143,62.5,72,60.35714286,223.4482759,142.2222222,120,105.625,60,232.9032258,169.4117647,232.9032258,148.8095238,304.137931,588.0625
6208,55.55555556,20,10,inf,,24.61538462,93.88888889,131.3636364,102.8571429,22.5,20,67.5,40.5,93.88888889,146.9444444,45.71428571,106.6666667,22.5,40.5,155.7407407,128,178.1818182,164.0909091,129.7058824,350.4166667
