Geo_Code,2031 Population Growth Rate with income 20% or under of area median household income (AMHI),2031 Population Growth Rate with income 21% to 50% of AMHI,2031 Population Growth Rate with income 51% to 80% of AMHI,2031 Population Growth Rate with income 81% to 120% of AMHI,2031 Population Growth Rate with income 121% or over of AMHI,2031 Population Growth Rate 1pp HH,2031 Population Growth Rate 2pp HH,2031 Population Growth Rate 3pp HH,2031 Population Growth Rate 4pp HH,2031 Population Growth Rate 5pp HH
1001,-0.024799416,-0.139033228,-0.10619033,-0.06433492,-0.121763657,-0.185999421,-0.152593122,-0.009856294,0.042064439,0.155104609
1002,1.820895522,-0.090029449,-0.041834862,0.292896175,-0.076388889,-0.153922052,-0.121316077,0.373156342,1.389423077,1.018018018
1003,1.722222222,-0.102791878,0.188139059,0.177076184,-0.013395457,-0.161355385,-0.069457222,0.618135377,1.137254902,0
1004,17.45454545,-0.079175258,-0.072038619,-0.024209293,-0.069050555,-0.19450631,-0.100102845,0.317583269,0.618892508,0.722222222
1005,0.270769231,-0.137212502,-0.091642229,-0.010485985,-0.100079851,-0.223248653,-0.111944804,0.084835043,0.264808362,0.259119497
1006,0.020242915,-0.114605171,-0.106697371,-0.060365369,-0.120461095,-0.219669234,-0.144696505,0.069942719,0.208998549,0.190871369
1007,0,-0.069202173,-0.075949367,0.057682491,-0.074654887,-0.170535579,-0.10585375,0.264986968,0.547140649,0.333333333
1008,18.13333333,-0.083379966,-0.066248881,0.388908894,-0.077861953,-0.174972315,-0.097602594,0.442344045,1.264957265,0.483940043
1009,0,-0.053832651,0.041755889,0.308285164,-0.044768069,-0.144248107,-0.089142374,0.507462687,1.605177994,3.236842105
1010,-0.117647059,-0.104956268,0.074829932,-0.04567474,-0.06558642,-0.164692285,-0.102021538,0.029955947,0.165149545,0.236749117
1011,0.4,-0.182481752,-0.09569378,-0.018099548,-0.133595285,-0.186046512,-0.230563003,-0.07079646,-0.182481752,0.626262626
1101,0.377952756,-0.030883919,-0.052702099,0.107571802,-0.060455673,-0.118079096,-0.115011846,0.161702128,0.301932367,0.798004988
1102,-0.115631692,-0.146781712,-0.124366401,-0.107821406,-0.124770962,-0.17142193,-0.150558214,-0.082279229,-0.038840844,0.010606953
1103,0.37254902,-0.12139378,-0.072675957,0.011004127,-0.068107631,-0.158218126,-0.110588235,0.091146589,0.229226361,0.148717949
1201,0.330578512,-0.008174387,-0.026026026,0.204878049,-0.030424339,-0.118805786,-0.069364162,0.428035044,1.06122449,0.580645161
1202,1.205479452,-0.09543713,-0.067874605,0.140141633,-0.052261614,-0.144739217,-0.078703021,0.210169492,0.476821192,0.302919708
1203,0.375,-0.016657413,-0.06791301,0.181271908,-0.036276224,-0.122507123,-0.068389353,0.337371855,0.983050847,0.52173913
1204,0.166666667,0.001834862,-0.069417158,-0.02063185,0.000746547,-0.171491389,-0.045454545,0.359223301,0.886524823,0.098039216
1205,0.573033708,-0.000909091,-0.096330275,-0.012332245,-0.02296376,-0.098540918,-0.07991121,0.156185211,0.381818182,0.237006237
1206,0.523659306,-0.067006555,-0.08853641,-0.037190083,-0.060453015,-0.145740741,-0.095636026,0.127623369,0.27332705,0.122641509
1207,-0.006920415,-0.019581812,-0.076168929,-0.06368409,-0.073095553,-0.145695364,-0.106330308,0.060606061,0.209309591,0.135445112
1208,0.344632768,-0.108714044,-0.122495707,-0.020434227,-0.08264779,-0.173407277,-0.097191426,-0.014732965,0.065474182,0.153846154
1209,0.498038032,-0.085739049,-0.097408207,-0.124266398,-0.093008804,-0.126121716,-0.119575682,-0.055477977,0.009650026,-0.027597187
1210,-0.032214765,-0.051880674,-0.085950413,0.016837594,-0.072013093,-0.132345062,-0.090204678,0.057934509,0.218932606,0.14338507
1211,0.067183463,-0.070185615,-0.017478814,0.028403526,0.001041938,-0.104311544,-0.042337003,0.130275229,0.478139535,0.222891566
1212,0.124497992,0.074919375,-0.041233417,-0.034521697,0.004721435,-0.097520661,-0.049508555,0.13559322,0.333164043,0.367647059
1213,0.272727273,0.022650057,0.068041237,0.225464191,0.089568542,-0.057921635,0.002719855,0.680851064,1.197674419,1.153846154
1214,3.307692308,-0.181678804,-0.11778563,-0.022481626,-0.107626647,-0.180698152,-0.14357391,-0.007628735,0.139251523,0.240506329
1215,0.828828829,-0.064928153,0.068647541,0.059535822,-0.013605442,-0.103542234,-0.048154093,0.212806026,0.337950139,1.160493827
1216,0.026666667,0.033333333,-0.077777778,0.065372829,-0.012269939,-0.148148148,-0.047302905,0.319230769,0.407821229,0.779661017
1217,-0.125528063,0.102281668,-0.052944626,0.0003335,0.013204975,-0.100296932,-0.058398555,0.157894737,0.450777202,0.462254395
1218,1.333333333,-0.037735849,-0.12942366,0.049622438,0.027149321,-0.100401606,-0.081967213,0.303921569,0.595348837,0.366863905
1301,0.205992509,-0.039284815,-0.05710207,-0.028087258,-0.031895983,-0.099437769,-0.041201812,0.019737811,0.173389209,0.077386071
1302,0.118055556,-0.081510934,0.021724372,-0.050065876,0.035584843,-0.093143596,-0.053105178,0.109756098,0.328086164,0.184032476
1303,0.790697674,-0.086956522,-0.112340426,-0.121853775,-0.10126183,-0.179775281,-0.140981735,-0.050632911,0.124352332,-0.050434783
1304,0.113636364,0.006573541,-0.05751634,0.180522565,-0.020244328,-0.091646391,-0.037632777,0.297939778,0.380510441,0.52173913
1305,0.230031949,-0.10786983,-0.091812937,-0.098113208,-0.07412612,-0.160319119,-0.140744011,-0.024821595,0.095820189,0.109118087
1306,6.482758621,-0.129289216,-0.144282069,-0.067294751,-0.098665271,-0.194119731,-0.126287396,0.004950495,0.055072464,0.089820359
1307,0.208439898,-0.108114208,-0.144725682,-0.13884007,-0.114674487,-0.182390684,-0.124979658,-0.056659453,-0.04292619,-0.055363322
1308,0.971830986,-0.060874704,-0.054718876,-0.01270648,-0.045793397,-0.12173913,-0.094375489,0.143670609,0.3018598,0.120786517
1309,1.38071066,-0.056931769,-0.038510911,0.078998073,-0.023674069,-0.133126935,-0.075471698,0.213451216,0.576351753,0.477386935
1310,-0.08125,-0.09893617,-0.085834933,-0.105439979,-0.096420582,-0.151185387,-0.112639788,-0.03196347,-0.003773585,-0.022146508
1311,0.166666667,-0.022249691,-0.03125,-0.001843884,-0.050318471,-0.122043919,-0.075346784,0.053872054,0.280979827,0.161057692
1312,1.282608696,0.022650057,-0.082334133,0.078933333,-0.007971656,-0.123613312,-0.068826726,0.200339559,0.856581532,0.586102719
1313,0.572307692,-0.04052913,-0.058862876,0.064970222,-0.024747174,-0.130060404,-0.049083996,0.283667622,0.385786802,0.247654784
1314,3.571428571,0.06135402,-0.083630316,0.003502627,0.007079646,-0.114920721,-0.045066991,0.317776612,0.525951557,0.631578947
1315,0.967632027,-0.02385637,-0.134961228,-0.023589044,-0.073023816,-0.177164525,-0.100735359,0.141315909,0.397383993,0.260416667
2401,0,-0.087265348,-0.078093977,0.173913043,-0.129099427,-0.189990437,-0.1382923,0.323462415,0.409395973,0.48
2402,8.153846154,-0.03983703,-0.063359733,0.049063336,-0.045776788,-0.14662038,-0.052284803,0.274725275,0.432612313,0.345276873
2403,0.335877863,-0.133450395,-0.070694616,0.099173554,-0.063936481,-0.180434296,-0.083453237,0.305923961,0.45392022,0.004098361
2404,0,-0.140192926,-0.019607843,0.046894804,-0.00328084,-0.128158845,-0.051641696,0.573643411,0.429708223,0.811188811
2405,2.266666667,-0.077989601,-0.079584775,0.022758307,-0.05907173,-0.146942367,-0.083636364,0.206463196,0.217751479,0.303191489
2406,1.219512195,-0.079066753,-0.061302682,0.052463212,-0.053009387,-0.14721826,-0.0625,0.274456522,0.329113924,0.204918033
2407,0,-0.038816109,-0.145958084,0.17653277,-0.049488753,-0.143761487,-0.066666667,0.529801325,0.362162162,0.462395543
2408,0,-0.063662375,-0.036606829,0.046216921,-0.041653213,-0.113225058,-0.045125732,0.427722772,0.432225064,0.143564356
2409,0.936170213,0.002737226,-0.077246012,0.101456083,-0.033679834,-0.10534685,-0.026617715,0.308342133,0.4,0.074074074
2410,3.630769231,-0.083321484,-0.127371274,-0.132994102,-0.087536474,-0.167098819,-0.10625993,0.167671548,0.080449018,-0.063260341
2411,0,-0.022058824,-0.0928,-2.22E-16,-0.009925558,-0.124661247,-0.046344387,0.59807074,0.480286738,0.285714286
2412,3.630769231,-0.121311475,-0.07204611,-0.006909955,-0.085839535,-0.149721592,-0.061545424,0.164383562,0.04341534,0.058467742
2413,4.551724138,-0.040666938,0.026828213,-0.015414258,0.030898876,-0.101714962,-0.065662002,0.804532578,0.518195051,0.49112426
2414,0,-0.131386861,-0.00312989,0.017575979,-0.03621275,-0.118640739,-0.071546505,0.286241921,0.439335888,0.261859583
2415,0,-0.017688679,-0.07424594,0.030902945,-0.057250117,-0.150553877,-0.076662909,0.413878563,0.607003891,0.059633028
2416,0,-0.0955297,-0.041401274,-0.093851133,-0.057064472,-0.151093439,-0.09893617,0.217772215,0.218905473,0.209876543
2417,0,-0.009468701,-0.071663921,-0.027047333,-0.019711208,-0.133219471,-0.064124057,0.594815825,0.871910112,0.054446461
2418,7.68,-0.047913447,-0.101379724,0.091551917,-0.075075075,-0.135930993,-0.062239973,0.385714286,0.265213442,0.20083682
2419,0,-0.144200627,-0.139126968,-0.09038014,-0.123839641,-0.179551122,-0.134162779,0.064763528,0.010058027,-0.018881627
2420,0,0.013927577,-0.195804196,0.116216216,-0.047732697,-0.054365733,-0.085372202,0.05,0.344370861,-0.116504854
2421,0.534759358,-0.200101574,-0.15556106,-0.156976744,-0.153205662,-0.213594994,-0.160274476,-0.002606429,-0.127963869,-0.167202572
2422,0.008602151,-0.225173941,-0.220052689,-0.179993156,-0.234755322,-0.221306651,-0.196982985,-0.165730337,-0.244447896,-0.265282584
2423,4.36036036,-0.064413219,-0.131500628,-0.108328211,-0.078532585,-0.127575901,-0.082425461,0.064357306,-0.020794653,-0.088827042
2425,1.91902834,-0.129558875,-0.12672228,-0.106557377,-0.122299186,-0.180784314,-0.132387346,0.071596797,-0.012079966,-0.070355731
2426,0.761290323,-0.167717823,-0.159539474,-0.133403178,-0.117735849,-0.189102115,-0.156926057,-0.044594595,-0.054292929,-0.070438799
2427,0,-0.06772009,-0.115056818,0.038277512,-0.075631951,-0.146586826,-0.080648795,0.288911495,0.124172185,0.002580645
2428,0,0.088105727,-0.075250836,-0.02,-0.040853798,-0.103370787,-0.07747106,0.271264368,0.305699482,0.261802575
2429,0,-0.118502133,-0.096864576,-0.051733333,-0.120504437,-0.166620306,-0.118772242,0.156329114,0.075170169,0.044198895
2430,0.685185185,-0.014418999,-0.051612903,0.01666063,-0.052022151,-0.126063553,-0.066666667,0.421166307,0.543978349,-0.05
2431,6.608695652,-0.053528945,-0.079393255,0.04311649,-0.050239435,-0.12426925,-0.05151858,0.352112676,0.247083775,0.067590988
2432,2.92,-0.078105526,-0.063151796,-0.040655738,-0.068593204,-0.15528955,-0.057785467,0.189320388,0.15434606,0.071604938
2433,0.604166667,-0.185383244,-0.160778087,-0.104058273,-0.144630799,-0.20953352,-0.148401047,-0.049448459,-0.035059761,-0.05543399
2434,0.716981132,-0.093669739,-0.152064079,-0.110117173,-0.129681529,-0.167442559,-0.127275091,-0.00099975,-0.033207547,-0.124109868
2435,0,-0.005053696,-0.152495379,-0.051470588,-0.022198159,-0.127968977,-0.055225806,0.28440367,0.472622478,0.072992701
2436,0,-0.03263746,-0.053252648,-0.064040025,0.003746938,-0.093555343,-0.039665971,0.415936953,0.417721519,0.062445794
2437,1.238663484,-0.049640479,-0.134644735,-0.119101124,-0.070028378,-0.135154988,-0.099505314,0.110392839,0.099713056,-0.094916684
2438,0,-0.145214521,-0.101706485,-0.155590551,-0.101792115,-0.169854629,-0.128255093,0.064864865,0.03960396,0.028436019
2439,2.058252427,-0.128413778,-0.125159642,-0.059399814,-0.111268638,-0.160493188,-0.123993727,0.067593583,0.06518388,-0.038490566
2440,0,0.038153846,-0.09039548,0.072934473,-0.045615813,-0.099009901,0.00166713,0.210810811,0.374311927,-0.081967213
2441,1.280898876,-0.108297624,-0.120218579,0.071192661,-0.090721649,-0.153121801,-0.082047686,0.07250342,0.139271255,0.084959816
2442,1.024096386,-0.102142647,-0.088550345,-0.101052632,-0.064339152,-0.122580645,-0.104192204,0.121306376,-0.012698413,-0.032154341
2443,0.888407367,-0.090039392,-0.116984574,-0.106257284,-0.093572646,-0.134037754,-0.094148661,0.028419183,-0.029551259,-0.093886463
2444,0,-0.013266998,-0.108152397,-0.035190616,-0.074330164,-0.148241842,-0.069730586,0.105936073,0.148,0.201183432
2445,0.386138614,-0.136508376,-0.153305204,-0.056710775,-0.118280902,-0.152109912,-0.13513981,0.010206975,0.005988024,-0.006309148
2446,0.208728653,-0.176965617,-0.17721519,-0.174105793,-0.183870804,-0.209697182,-0.190236791,-0.106262626,-0.090376961,-0.090786517
2447,14.66666667,-0.100027531,-0.1173454,-0.050559599,-0.070680841,-0.152960596,-0.090962788,0.156758669,0.135849057,-0.055107153
2448,2.037735849,0.014574899,-0.057142857,-0.026286966,-0.066433566,-0.123741007,-0.066666667,0.277595628,0.153409091,-0.025316456
2449,1.498817967,-0.148036708,-0.115164662,-0.085982803,-0.115043084,-0.155351466,-0.11665992,0.01914639,-0.009387,-0.091751622
2450,1.614457831,-0.107526882,-0.079066753,0.002728513,-0.069242348,-0.145327511,-0.067759957,0.207617625,0.112252964,-0.029447853
2451,1.594405594,-0.032347738,-0.087184284,-0.075939406,-0.080136726,-0.140032415,-0.095750708,0.258653846,0.127420999,-0.071005917
2452,20,-0.132097335,-0.10063737,-0.071032186,-0.091539054,-0.15420185,-0.106120393,0.043349169,0.089527721,0.005319149
2453,2.352112676,-0.084247998,-0.087842307,-0.092328581,-0.049253731,-0.147989276,-0.08271947,0.249265905,0.148746968,-0.012139605
2454,177.5,-0.109066641,-0.135563797,-0.076345735,-0.088703973,-0.158993668,-0.084891883,0.060957429,0.035979228,-0.080134491
2455,3.925925926,-0.107659347,-0.169617564,-0.096209352,-0.158316633,-0.208381689,-0.12972973,-0.048177496,-0.05830699,-0.062034739
2456,7.166666667,-0.12166932,-0.110850512,-0.079738641,-0.088465037,-0.141385042,-0.093008952,0.034743202,-0.023310546,-0.048790927
2457,0.461538462,-0.134928822,-0.150670668,-0.127624367,-0.140820289,-0.193650934,-0.139590933,-0.062578223,-0.089159224,-0.090782123
2458,0.349240203,-0.070395097,-0.108892734,-0.087384657,-0.081893479,-0.138482515,-0.076389402,-0.003017502,-0.017668477,-0.070047388
2459,0.524444444,-0.162295082,-0.127596439,-0.060273973,-0.134143203,-0.209668983,-0.151830239,-0.000281968,0.011111111,-0.045645646
2460,2.23655914,-0.149779736,-0.1393374,-0.089672095,-0.123528852,-0.18665394,-0.129655823,-0.024089888,-0.006313505,-0.128364389
2461,5.255319149,-0.125904652,-0.155788692,-0.149867495,-0.116158148,-0.172569286,-0.130872483,0.00038625,-0.022690438,-0.111538462
2462,454,-0.128179044,-0.085956263,-0.041025641,-0.088073394,-0.137971931,-0.08037225,0.008938547,0.189152846,0.1
2463,0.44375,-0.156410256,-0.173006905,-0.158086209,-0.176151762,-0.196236806,-0.165011886,-0.134621793,-0.126997302,-0.152750809
2464,0.057803468,-0.187242569,-0.169373129,-0.120792572,-0.175646729,-0.235264356,-0.173517448,-0.07540596,-0.081266039,-0.180009657
2465,0.487671233,-0.104063689,-0.097823909,-0.094975936,-0.084053775,-0.111675127,-0.051635246,-0.051094891,-0.093550138,-0.162826079
2466,0.986284669,-0.044723448,-0.057372389,-0.068787735,-0.038266623,-0.064194402,-0.014799379,-0.010427796,-0.057397074,-0.056399132
2467,0.440251572,-0.173908882,-0.114197531,-0.117040796,-0.1265127,-0.194467621,-0.1251354,-0.061585573,-0.067427094,-0.124256585
2468,1.333333333,-0.194202083,-0.116232465,-0.09403613,-0.158385946,-0.19941349,-0.152520465,-0.046625767,-0.035555556,-0.092307692
2469,1.191919192,-0.081475129,0.016042781,-0.010498688,-0.044887781,-0.106567534,-0.073082489,0.109342561,0.353072626,0.204651163
2470,5.356321839,-0.054766989,-0.134942182,-0.120720016,-0.073038822,-0.141620771,-0.103990597,0.013020833,0.131236443,-0.044728435
2471,0.091743119,-0.157781274,-0.172491707,-0.136641285,-0.16234571,-0.200551214,-0.147380766,-0.110790166,-0.129206731,-0.172347846
2472,0.723259762,-0.135855697,-0.125280359,-0.122715405,-0.110400836,-0.193180065,-0.111445517,-0.019413192,-0.029774957,-0.125540235
2473,0.376623377,-0.131381172,-0.118332586,-0.057197422,-0.123308786,-0.189121958,-0.139076087,-0.012801365,0.064375341,-0.06449034
2474,-0.233576642,-0.233807687,-0.23653292,-0.22177225,-0.232434351,-0.275314147,-0.239189016,-0.195639364,-0.182612626,-0.193291265
2475,0.199021207,-0.203520173,-0.169316843,-0.166135981,-0.168836562,-0.203655654,-0.175351753,-0.112840762,-0.109090909,-0.183940685
2476,0.551724138,-0.115050167,-0.088820827,-0.16969697,-0.102853686,-0.180140962,-0.124016753,-0.055172414,0.253878702,-0.058325494
2477,1.5375,-0.176233055,-0.149759744,-0.114446529,-0.150533488,-0.192653724,-0.138172278,-0.012875536,-0.044280443,-0.082069581
2478,1.232432432,-0.151327434,-0.116724739,-0.079562141,-0.13576038,-0.194796449,-0.11226986,0.056685151,0.084745763,-0.012269939
2479,2.309090909,-0.077323084,-0.108327452,-0.002793296,-0.097912167,-0.167823456,-0.089652056,0.293838863,0.236400269,0.229007634
2480,21.4,-0.109090909,-0.154006787,-0.018155198,-0.089749104,-0.148899641,-0.08984375,0.087649402,0.116638079,-0.045838359
2481,0.18339307,-0.115858167,-0.148072313,-0.119655392,-0.125406165,-0.188022843,-0.115937614,-0.016940349,-0.025439408,-0.146848989
2482,0.042553191,-0.122051666,-0.143283582,-0.138353765,-0.137134888,-0.141754787,-0.15814027,-0.094905279,-0.094604582,-0.12278801
2483,1.148514851,-0.039215686,-0.098630137,-0.033033033,-0.044098573,-0.128733074,-0.086849939,0.163855422,0.454819277,0.284931507
2484,6.93E-14,-0.025915493,-0.060429983,-0.069779374,-0.02629503,-0.138374899,-0.067198178,0.225616921,0.048387097,0.274157303
2485,0,0.015921617,-0.08466604,0.012910167,-0.010948905,-0.107208872,-0.042719458,0.388185654,0.314503817,0.105263158
2486,0.31884058,-0.008560311,-0.125289256,-0.060311284,-0.067139001,-0.110419337,-0.086781994,0.051482568,0.077743902,-0.039972433
2487,7.217391304,-0.080968596,-0.072546774,0.085199824,-0.05648267,-0.114031541,-0.061088977,0.156729131,0.341085271,0.067132867
2488,1.019230769,0.015065913,-0.103658537,-0.040854808,-0.072184194,-0.120578498,-0.103135445,0.172389629,0.17005814,0.086642599
2489,1.479166667,-0.094030639,-0.09620887,-0.004553923,-0.078594622,-0.128316188,-0.089027502,0.1191067,0.121546961,-0.012040134
2490,0,-0.027913468,0.014492754,-0.057956778,-0.015225335,-0.130767203,0.001274291,0.337579618,0.534005038,0.062068966
2491,2.391752577,-0.034198113,-0.027828826,-0.0336091,-0.043306585,-0.110507486,-0.090954151,0.508038585,0.343434343,0.046728972
2492,0.826086957,0.103343465,-0.108216433,0.067553736,0.005640345,-0.07452526,-0.079420202,0.674082314,0.328792007,0.222565688
2493,10.77272727,-0.073310424,-0.116372726,-0.08961142,-0.057945821,-0.163454125,-0.106508048,0.293122074,0.18951049,-0.001097695
2494,2.665454545,-0.07140702,-0.117177429,-0.11192351,-0.051101591,-0.152644997,-0.10696893,0.218415842,0.135435404,0.075993092
2495,0,0.007017544,-0.074121406,0.302325581,-0.005856515,-0.117847411,-0.041514931,0.836879433,1.8,0.594936709
2496,14.52173913,0.03874092,-0.124170616,0.066390041,-0.001893939,-0.117855199,-0.04109589,0.396430848,0.46179966,0.27016129
2497,0.662983425,-0.066565809,-0.025710754,0.066414215,-0.036613272,-0.105719644,-0.008646666,0.193684211,0.145454545,-0.055406613
2498,0.842105263,-0.07136322,-0.009756098,0.218823529,-0.063811189,-0.148148148,-0.103864734,0.602409639,0.433333333,0.8
2499,0.31641791,-0.12254902,-0.116325182,-0.076474022,-0.0911663,-0.152372845,-0.106321839,-0.073031236,0.001036269,-0.02578924
3501,0.847222222,-0.094548814,-0.071210882,-0.032191498,-0.048713402,-0.125317835,-0.087341461,0.021754386,0.18235487,0.110368721
3502,0.409556314,-0.140306354,-0.145788337,-0.120727918,-0.122760595,-0.175360126,-0.165465295,-0.059130848,0.033714126,-0.062668299
3506,0.191150155,-0.113382771,-0.128048217,-0.128917354,-0.118148633,-0.129365886,-0.126782512,-0.097155919,-0.086068677,-0.108475207
3507,0.764227642,-0.054019174,-0.086426593,-0.065965583,-0.058753943,-0.122765957,-0.092671564,-0.020113282,0.206723891,0.104363747
3509,0.17331813,-0.113745271,-0.134189864,-0.118610864,-0.092878259,-0.147712904,-0.141926769,-0.077786318,0.030817242,0.061737805
3510,0.375847197,-0.094719147,-0.080598085,-0.087753766,-0.072514904,-0.110754864,-0.098397484,-0.044972973,0.045797263,0.009313989
3511,0.422163588,-0.088483466,-0.044576523,-0.124869617,-0.06718139,-0.14867741,-0.091746401,-0.017642342,0.011534764,0.049776643
3512,1.787155963,-0.078011262,-0.06918745,-0.069245197,-0.066826868,-0.116013072,-0.077928707,-0.018669582,0.089145008,0.024449036
3513,0.092827004,-0.05615072,-0.029458854,-0.062483021,-0.030243902,-0.131495228,-0.079710145,0.060849598,0.32293578,0.238016529
3514,0.648550725,-0.123181271,-0.102304564,-0.075129534,-0.100955227,-0.149231498,-0.128229044,-0.058721008,0.080853453,0.108490566
3515,0.995983936,-0.089795918,-0.089591872,-0.074286866,-0.066286549,-0.118125169,-0.081941039,-0.050262446,0.041813289,0.021085378
3516,0.395738204,-0.064912281,-0.053037932,-0.08237728,-0.018646958,-0.09380863,-0.08070993,-0.037800687,0.14048474,0.179650238
3518,0.260942761,-0.123637825,-0.133562749,-0.112926274,-0.121718329,-0.150469871,-0.1280053,-0.119060156,-0.060254021,-0.113731773
3519,-0.075039002,-0.196870476,-0.167322296,-0.13074569,-0.176946472,-0.223774842,-0.204155682,-0.172836575,-0.111697342,-0.092416692
3520,0.322892579,-0.099449016,-0.097372664,-0.10822142,-0.096423964,-0.131367071,-0.119781081,-0.067501574,-0.034286313,0.028342967
3521,0.204972481,-0.158142646,-0.129583342,-0.118446394,-0.131195589,-0.164349701,-0.134077174,-0.114060356,-0.090066025,-0.138901863
3522,0.038461538,-0.122287289,-0.138269402,-0.071358509,-0.131976082,-0.165957447,-0.13047255,-0.127023277,-0.052538844,-0.05323741
3523,0.276861569,-0.12333391,-0.122447472,-0.080045021,-0.1104372,-0.146658919,-0.110893215,-0.093183298,-0.059259259,-0.038954869
3524,-0.080111195,-0.154598451,-0.146489649,-0.114362189,-0.15254425,-0.148910178,-0.108256782,-0.140675268,-0.162930459,-0.170701943
3525,0.351485149,-0.075895375,-0.077497942,-0.088408395,-0.07253252,-0.099914933,-0.084622919,-0.062589014,-0.004012346,-0.048086867
3526,0.323287671,-0.079615048,-0.082812691,-0.072689023,-0.073054361,-0.109245535,-0.098630137,-0.046953,0.034263044,0.010213602
3528,0.436754177,-0.054054054,-0.077828193,-0.093619213,-0.057277212,-0.12643224,-0.104282505,-0.034694774,0.13971831,0.038761163
3529,0.335526316,-0.082613969,-0.090048285,-0.095545861,-0.076484259,-0.108606937,-0.090818191,-0.07477896,-0.004128893,-0.060768543
3530,0.073280722,-0.116938254,-0.109831521,-0.089174185,-0.116953889,-0.140947549,-0.117950292,-0.086644319,-0.051947553,-0.097964714
3531,0.163588391,-0.075332543,-0.074049659,-0.052443154,-0.054541382,-0.100836603,-0.104254504,-0.039540385,0.122517249,0.086435331
3532,0.095959596,-0.080719101,-0.115423833,-0.096257971,-0.090474603,-0.135918171,-0.118306721,-0.066440019,-0.000224215,-0.018601447
3534,0.034548944,-0.047346939,-0.094071442,-0.047473832,-0.077736869,-0.124574682,-0.096568885,-0.026031498,0.056892779,0.007552199
3536,4.090909091,0.052770449,-0.065759813,0.013113162,0.018323487,-0.058561159,-0.028852799,0.099365167,0.266101041,0.176030999
3537,1.024331871,-0.031729188,-0.096937749,-0.058904319,-0.0504214,-0.102507237,-0.078057094,-0.008629234,0.077340982,0.008240774
3538,0.308943089,-0.066631729,-0.032600295,-0.056293889,-0.026399298,-0.101915016,-0.071135431,-0.00729853,0.144695841,0.277430358
3539,0.214301145,-0.071120823,-0.116350073,-0.073870611,-0.10161734,-0.12363419,-0.10316383,-0.063246341,-0.01969205,-0.052211629
3540,0.287356322,-0.114121772,0.007072818,-0.039717795,-0.039671167,-0.1196597,-0.06832034,0.060260586,0.103393593,0.164522059
3541,0.183098592,-0.089766607,-0.075018387,-0.081406708,-0.075532342,-0.137184116,-0.094644531,-0.026753141,0.045116279,0.111486486
3542,0.031456954,-0.066529694,-0.043874695,-0.046617396,-0.059710193,-0.111067037,-0.080836631,-0.01759372,0.115577889,0.087633324
3543,0.323913043,-0.137945687,-0.134089196,-0.106307623,-0.128521239,-0.162671139,-0.133706314,-0.118476455,-0.050904045,-0.081595029
3544,0.138613861,-0.149603121,-0.035960214,-0.084338613,-0.091829527,-0.132505514,-0.119622801,-0.063661454,0.08873024,0.099853157
3546,-0.142857143,-0.185682327,-0.079584775,-0.160784314,-0.136190002,-0.194324005,-0.162570888,-0.0969163,0.172018349,0.04536862
3547,0.094366197,-0.111345424,-0.065150379,-0.051271672,-0.075790622,-0.130021769,-0.095070026,-0.03288422,0.083346243,0.066576455
3548,2.216216216,-0.051143451,-0.068663814,0.005561949,-0.025412088,-0.096235527,-0.04770017,0.044680851,0.223863891,0.102521703
3549,0.16080402,-0.081112853,-0.121863799,-0.019193858,-0.099467999,-0.134730539,-0.103391173,-0.005395683,0.089403974,0.051361868
3551,-0.109090909,0.069119287,-0.090059473,0.048309179,-0.030769231,-0.057477382,-0.0703125,0.144486692,0.458333333,0.183574879
3552,0.212014134,-0.092320604,-0.084367246,-0.066056246,-0.022919406,-0.124591694,-0.079125121,0.009302326,0.227488152,0.075085324
3553,0.159216688,-0.040727758,-0.076610505,-0.056779661,-0.05573358,-0.114420156,-0.073121818,0.004674182,0.093228569,0.019147399
3554,1.36196319,-0.095819634,-0.002906977,0.185980979,-0.03456968,-0.097863542,0.007583205,0.109870478,0.318248175,0.023076923
3556,0.319617225,0.040125392,-0.067158067,-0.011801381,-0.005106383,-0.085583554,-0.050500028,0.074305556,0.39245283,0.111160516
3557,0.563380282,-0.014764885,-0.094444444,0.012488063,-0.01560595,-0.097602873,-0.044131124,0.046743817,0.253352664,0.229294479
3558,0.354963949,0.012921153,-0.072458122,-0.009294785,-0.022084658,-0.077955146,-0.059310385,0.057953144,0.232084486,0.110984243
3559,0.231481481,0.134422111,-0.038554217,0.008559201,0.042325344,-0.043564356,-0.028971274,0.165543792,0.510928962,0.207843137
3560,-0.052941176,-0.019633508,0.008637613,-0.027576698,-0.028050491,-0.113795791,-0.058411645,0.068985849,0.305397104,0.131675201
4601,0.470588235,-0.096893102,-0.120056497,-0.065874363,-0.078947368,-0.138569285,-0.110534846,-0.069767442,0.443298969,0.037790698
4602,-0.151515152,-0.226330384,-0.188538933,-0.17134518,-0.205233564,-0.227509294,-0.203817772,-0.182026988,-0.176630084,-0.173645148
4603,-0.098159509,-0.074420782,-0.164735359,-0.120647877,-0.135817517,-0.100740311,-0.142989442,-0.113358169,-0.141215107,-0.137468567
4604,2.769230769,-0.113924051,-0.022172949,0.066339066,-0.083092902,4.00E-15,-0.065871664,-0.125,0.029925187,-0.040816327
4605,-0.167832168,-0.013663535,0.009724473,0.159163987,-0.017838765,0.020493712,-0.031523643,-0.031047865,0.299578059,0.106904232
4606,-0.278787879,-0.060676779,0.215434084,-0.014492754,-0.08373079,-0.021613833,-0.030525721,-0.008213552,-0.082191781,-0.011527378
4607,0.031578947,-0.081764706,-0.109120712,-0.102342787,-0.084958979,-0.074552684,-0.085301141,-0.101149425,-0.0703125,-0.186666667
4608,0.974358974,0.06385696,-0.040382572,0.14516129,0.020518359,0.046728972,-0.028496042,0.245192308,0.174940898,0.084070796
4609,1.2,-0.003363229,-0.10214425,0.067596113,-0.068137062,-0.069261881,-0.045528455,0.035961272,0.130584192,-0.065764023
4610,0.066225166,-0.209562564,-0.13559322,-0.137585991,-0.148527529,-0.136526946,-0.198977586,-0.168190128,-0.095315024,-0.029032258
4611,0.298421372,-0.043237953,-0.079362842,-0.105374553,-0.060709556,-0.029692948,-0.071876942,-0.075230116,-0.054751312,-0.15411995
4612,0.193181818,-0.139100933,-0.090807592,-0.182467711,-0.130235832,-0.121167883,-0.16254417,-0.151781971,-0.066243194,-0.110932476
4613,-0.051612903,-0.068607069,-0.141089936,-0.080405192,-0.094853003,-0.125675467,-0.141395958,-0.067576348,0.017874396,-0.03021148
4614,0.784313725,0.00625,-0.113733906,-0.08,-0.068210741,-0.065047702,-0.089766607,-0.07773386,0.05904059,-0.047732697
4615,-0.045454545,-0.048668503,0.025832091,0.127637674,-0.008410801,0.074635922,-0.033256351,0.070275404,0.182581322,-0.15397351
4616,-0.328767123,-0.105788423,0.155704698,0.197640118,-0.010666667,-0.02059358,0.028554432,-0.028235294,0.138666667,0.16194332
4617,0.350877193,-0.125368111,0.171578947,0.062859672,0.020255394,-0.027008149,0.016209774,0.177570093,0.265868263,-0.051401869
4618,0.074688797,-0.067078553,0.004784689,-0.01598934,-0.04770082,-0.054832077,-0.066181566,-0.057992565,0.273446328,0.060606061
4619,-0.339622642,-0.052631579,0.375545852,-0.190082645,0.07797271,-0.069529652,-0.155172414,0.12,0.4,1.121212121
4620,0.272727273,0.027088036,0.119122257,0.124855491,0.037037037,0.004415011,0.03315508,0.202898551,0.350253807,0.089820359
4621,0.926174497,0.03539823,0.094545455,-0.037586548,0.023868998,-0.029749831,-0.009113001,0.186192469,0.29562982,0.073972603
4622,3.333333333,0.049423394,-0.102342787,-0.027060271,0.03960396,-0.074650078,-0.0073903,0.130208333,0.085066163,0.011483254
4623,0,-0.16,0.866666667,-0.08411215,0.115537849,0.074561404,0.103030303,-0.116923077,0.253731343,0.146892655
4701,0.277372263,0.072487644,-0.077588971,-0.07592068,-0.07465329,-0.057988402,-0.029090909,-0.109575989,0.027070926,-0.097251586
4702,0.074074074,-0.011188811,0.07718951,-0.137698279,-0.080128205,-0.021866667,-0.030120482,-0.117722329,-0.09113608,-0.106519743
4703,0,0.126086957,0.09354537,0.164410058,0.034451496,0.057701711,0.136942675,0.134736842,0.247030879,0.04400978
4704,34,0.184921764,0.085808581,0.111979167,-0.005167959,0.08560794,-0.023965142,0.131313131,0.564705882,0.220183486
4705,-0.125,-0.077012835,0.13452188,0.01121372,-0.055832502,-0.042105263,-0.001660302,-0.0642978,0.029533373,-0.012658228
4706,0.584722222,-0.135270575,-0.126711813,-0.132914898,-0.106425612,-0.099644876,-0.113895059,-0.116421569,-0.112131798,-0.173084454
4707,1.769230769,-0.030360531,-0.060759494,-0.004096834,-0.066544407,-0.052475574,-0.049907036,-0.005031447,0.040901213,-0.025695931
4708,0.678362573,-0.064171123,-0.077844311,-0.029559563,-0.017431193,-0.033635188,-0.044562169,0.050430504,-0.047174447,-0.077328647
4709,0.15,-0.058521561,0.102694136,0.011581995,-0.040377176,0.005710851,-0.009592326,0.00286533,-0.012560386,-0.07773386
4710,0,-0.070959264,0.142259414,0.060027285,0.044147157,0.041775457,0.033440057,0.134831461,0.26,-0.015009381
4711,1.091405184,-0.13229819,-0.154656844,-0.16146469,-0.119613017,-0.08890079,-0.129047179,-0.152994728,-0.135467894,-0.190866803
4712,15.8,-0.131300296,-0.004918839,0.042009132,-0.07751938,-0.070360598,-0.067988669,-0.0265625,0.105902778,0.06443299
4713,5.51E-14,-0.03353829,0.080321285,-0.023255814,0.014251781,0.017481386,-0.034800949,0.094357077,0.071174377,-0.054054054
4714,0.502617801,-0.066295412,0.129339687,0.055751174,-0.024936319,-0.054811393,-0.00591133,0.114285714,0.193458594,0.153100775
4715,1.805447471,-0.067292454,-0.078162009,-0.055848261,-0.074209311,-0.050857382,-0.071135431,-0.027003635,-0.03506182,-0.101641289
4716,76,-0.124290732,-0.040740741,0.053952321,-0.000296296,-0.031954554,-0.02646086,-0.004094166,0.09529942,0.005747126
4717,-0.219066937,-0.072147651,-0.095117632,-0.111111111,-0.112132353,-0.130765332,-0.0917481,-0.092898014,-0.086521273,-0.115631692
4718,0.269430052,-0.051247471,-0.097813579,0.026315789,-0.062745098,-0.090064995,-0.128514056,-0.048744461,0.081936685,0.119779354
4801,1.069565217,-0.099604743,-0.088962109,-0.07815706,-0.094854278,-0.120640905,-0.097019166,-0.027141923,-0.005018821,-0.103378719
4802,0.969147005,-0.155307263,-0.107642626,-0.128143012,-0.114885293,-0.122482308,-0.119271333,-0.094584071,-0.079912425,-0.170314694
4803,0.206896552,-0.082627836,0.029484029,0.003898635,-0.025649046,-0.085053158,-0.036424344,0.046769231,0.196774194,0.031668697
4804,0,0.114374034,0.216463415,0.177370031,0.237160121,0.075675676,0.201117318,0.516666667,0.564102564,0.75
4805,0.378378378,-0.082495812,-0.083040936,-0.077299578,-0.091196137,-0.1303611,-0.108341764,-0.029723992,0.031347962,0.014064698
4806,0.024882415,-0.15862619,-0.147431965,-0.162830806,-0.148376237,-0.126931022,-0.147696913,-0.153388884,-0.156208979,-0.199220466
4807,0.45410628,-0.076299974,0.038658329,0.037662965,-0.054372669,-0.075513428,-0.045255657,0.03058104,0.18650576,0.039340102
4808,0.576842105,-0.178524234,-0.126965638,-0.124356685,-0.137069203,-0.171666003,-0.136651256,-0.112161722,-0.094703824,-0.104448743
4809,1.333333333,-0.090634441,0.081989247,-0.009689922,-0.026040337,-0.067572816,-0.049468217,0.071620412,0.214511041,0.002427184
4810,0.24691358,-0.104460094,-0.058117498,-0.087390762,-0.070866888,-0.076857499,-0.091884234,-0.059919511,-0.034056225,-0.077727952
4811,0.45096242,-0.151831849,-0.148873266,-0.166281377,-0.138874262,-0.114140361,-0.148425345,-0.157839836,-0.143119992,-0.184662043
4812,-0.248081841,-0.106604867,-0.072340426,-0.097516099,-0.104260652,-0.12247166,-0.110705789,-0.099942341,-0.081131683,-0.029868578
4813,0.938461538,-0.075509332,-0.062200957,-0.024677665,-0.049441569,-0.086897224,-0.072910978,-0.003174603,0.061965812,0.051761323
4814,0,-0.115233786,-0.100743746,0.035855363,-0.110306891,-0.147482766,-0.094770206,0.036330609,0.074074074,0.039936102
4815,125,-0.070265638,-0.111158615,-0.028637608,-0.08118244,-0.038240271,-0.090481915,-0.082474227,-0.041426928,0.060150376
4816,-0.192149971,-0.2034588,-0.215467668,-0.19158122,-0.209831778,-0.234352846,-0.217871338,-0.191717418,-0.157230249,-0.204210526
4817,0.9375,-0.093411552,0.012626956,-0.035591274,-0.007331042,-0.103922918,-0.045795394,0.038369305,0.111702128,0.036130536
4818,0.633333333,0.116788321,0.011039558,-0.032154341,0.036012297,-0.049382716,0.002694207,0.019417476,0.214876033,0.326139089
4819,-0.188212928,-0.144493953,-0.130718954,-0.154256581,-0.136226511,-0.185869565,-0.147104216,-0.108005685,-0.100096805,-0.122108892
5901,0.006116208,-0.104256946,-0.104200025,-0.048274254,-0.087138668,-0.102772705,-0.098603689,-0.061510129,-0.02757158,-0.046551724
5903,2.181818182,-0.067598403,-0.125102303,-0.049526066,-0.077931321,-0.09817882,-0.082917376,-0.074907821,0.004893964,0.061990212
5905,7.866666667,-0.056818182,-0.094224924,-0.046089076,-0.043222449,-0.075507963,-0.070836966,-0.002401922,0.047023512,0.160220994
5907,4.090909091,-0.092733564,-0.055906703,-0.033076264,-0.076493339,-0.095258551,-0.072207688,-0.04783926,0.026202846,0.183234082
5909,0.505934718,-0.123261302,-0.099127751,-0.09334844,-0.108575745,-0.120278559,-0.09679803,-0.095057034,-0.064105914,-0.12085786
5915,0.117241379,-0.118556072,-0.120504855,-0.112903476,-0.127428621,-0.120158589,-0.142270899,-0.125269426,-0.07940608,-0.075426143
5917,0.974093264,-0.120579806,-0.086839629,-0.080484683,-0.096699068,-0.09011968,-0.105092813,-0.08432304,-0.040963329,-0.091201717
5919,0,-0.074163732,-0.14258019,-0.081765739,-0.103943636,-0.125693894,-0.118897572,-0.057368942,0.033464567,-0.007239223
5921,0.19035533,-0.112329642,-0.129548885,-0.103428893,-0.106675294,-0.141862085,-0.118487479,-0.08575847,-0.002818887,-0.082159624
5923,0,-0.083899557,-0.079036145,-0.063336307,-0.062385321,-0.126006904,-0.05715005,-0.014694509,0.125153374,0.075789474
5927,1.692307692,-0.058446757,-0.073641998,-0.082141771,-0.06254417,-0.110363392,-0.092614108,-0.01139962,0.201550388,0.143426295
5929,0.298969072,-0.130239521,-0.109627547,-0.117771659,-0.100938708,-0.160732984,-0.125356706,-0.040639862,0.006822058,0.169863014
5931,0.650406504,-0.147496617,-0.139426523,-0.107654773,-0.165581545,-0.093222762,-0.125674634,-0.166055223,-0.188275567,-0.116441546
5933,3.525581395,-0.090040403,-0.070980671,-0.092328581,-0.082913328,-0.114734202,-0.077249263,-0.071999313,-0.004480956,0.000399202
5935,0.053008596,-0.17132457,-0.125569814,-0.141248381,-0.135536476,-0.15394402,-0.144694939,-0.143366919,-0.099052808,-0.110695587
5937,-0.301994302,-0.064283569,-0.104048466,-0.056282723,-0.098966684,-0.119702321,-0.106931226,-0.05761436,-0.007434944,-0.01452514
5939,-0.143187067,-0.095253016,-0.068129989,-0.029440628,-0.052855188,-0.099871706,-0.070845771,-0.051223935,0.041666667,0.039529915
5941,14,-0.049764429,-0.101694915,-0.044479957,-0.060454048,-0.125639153,-0.086919933,-0.002638522,0.307228916,0.105630294
5943,1.210526316,-0.096405229,-0.090766823,0.417948718,-0.098067287,-0.125733445,-0.047718711,0.107402032,0.323462415,0.328205128
5945,0,0.053763441,-0.416666667,0.021621622,-0.16,-0.202898551,-0.111675127,0.076923077,-0.094117647,-2.22E-16
5947,5.575757576,0.056518947,-0.071942446,0.048272079,0.028741866,-0.004494382,-0.00565682,0.078212291,0.235294118,0.098837209
5949,3.06,-0.045352922,-0.125225457,0.049618321,-0.047224861,-0.096184004,-0.055786011,-0.035507526,0.187042254,0.205518554
5951,18.52631579,-0.040337967,-0.085668958,-0.005535055,-0.041282617,-0.082495313,-0.083751254,0.026516673,0.166049709,0.232129131
5953,0.884615385,-0.035010941,-0.111724985,-0.069719123,-0.043298425,-0.117620059,-0.078687929,0.032903063,0.069488697,0.033426184
5955,-0.117521368,-0.038809406,-0.085769981,-0.046849315,-0.051072523,-0.101110902,-0.045398987,-0.068692206,0.004899559,0.008082292
5957,1.333333333,-0.186046512,0.129032258,0.184615385,0.034782609,-0.144444444,-0.202531646,1.333333333,0,0
5959,0,-0.024038462,0.4,0.577464789,0.027867095,-0.066073698,0.009779951,0.604878049,1.97260274,0.884615385
6001,-0.143187067,-0.150097046,-0.1421641,-0.168481961,-0.145417211,-0.170524868,-0.164516129,-0.118518519,-0.108932462,-0.122584208
6106,0,0.865051903,0.346338125,0.481927711,0.624174116,0.34673913,0.504968383,0.681699913,0.640141468,5.329341317
6204,-0.146341463,-0.146099291,-0.127423823,-0.170708955,-0.143477003,-0.180698152,-0.175037295,-0.167449139,-0.084337349,-0.115702479
6205,-0.128755365,-0.143053645,-0.136729223,-0.190578158,-0.149019608,-0.164974619,-0.176470588,-0.161812298,-0.136363636,-0.143356643
6208,0.042553191,-0.132231405,-0.132743363,-0.085820896,-0.161490683,-0.055979644,-0.198874296,-0.141509434,-0.158653846,-0.099009901
